id,user,condition,stimulus,start_time,end_time,log,error_log,transposition_count,ommission_count,substitution_count,addition_count,wpm
1,1,baseline,"crings fi fi paren.",1752269298329.0,1752269302744.0,"[{""key"": ""c"", ""timestamp"": 1752269298329}, {""key"": ""r"", ""timestamp"": 1752269298568}, {""key"": ""i"", ""timestamp"": 1752269298670}, {""key"": ""n"", ""timestamp"": 1752269298885}, {""key"": ""g"", ""timestamp"": 1752269299034}, {""key"": "" "", ""timestamp"": 1752269299542}, {""key"": ""Backspace"", ""timestamp"": 1752269300142}, {""key"": ""s"", ""timestamp"": 1752269300500}, {""key"": "" "", ""timestamp"": 1752269300749}, {""key"": ""f"", ""timestamp"": 1752269300929}, {""key"": ""i"", ""timestamp"": 1752269301033}, {""key"": "" "", ""timestamp"": 1752269301228}, {""key"": ""f"", ""timestamp"": 1752269301390}, {""key"": ""i"", ""timestamp"": 1752269301479}, {""key"": "" "", ""timestamp"": 1752269301613}, {""key"": ""p"", ""timestamp"": 1752269301863}, {""key"": ""a"", ""timestamp"": 1752269301987}, {""key"": ""r"", ""timestamp"": 1752269302077}, {""key"": ""e"", ""timestamp"": 1752269302226}, {""key"": ""n"", ""timestamp"": 1752269302346}, {""key"": ""."", ""timestamp"": 1752269302743}]","[{""error_type"": ""omission"", ""input"": "" "", ""target"": ""s""}]",0,1,0,0,232.368421052632
2,1,baseline,"oleadossing gon lorick pells.",1752269303027.0,1752269309109.0,"[{""key"": "" "", ""timestamp"": 1752269303027}, {""key"": ""o"", ""timestamp"": 1752269304068}, {""key"": ""l"", ""timestamp"": 1752269304325}, {""key"": ""e"", ""timestamp"": 1752269304516}, {""key"": ""a"", ""timestamp"": 1752269304597}, {""key"": ""d"", ""timestamp"": 1752269304848}, {""key"": ""o"", ""timestamp"": 1752269305025}, {""key"": ""s"", ""timestamp"": 1752269305172}, {""key"": ""s"", ""timestamp"": 1752269305328}, {""key"": ""i"", ""timestamp"": 1752269305440}, {""key"": ""n"", ""timestamp"": 1752269305642}, {""key"": ""g"", ""timestamp"": 1752269305736}, {""key"": "" "", ""timestamp"": 1752269305844}, {""key"": ""g"", ""timestamp"": 1752269306011}, {""key"": ""o"", ""timestamp"": 1752269306106}, {""key"": ""n"", ""timestamp"": 1752269306285}, {""key"": "" "", ""timestamp"": 1752269306442}, {""key"": ""l"", ""timestamp"": 1752269306565}, {""key"": ""o"", ""timestamp"": 1752269306763}, {""key"": ""r"", ""timestamp"": 1752269306860}, {""key"": ""i"", ""timestamp"": 1752269307041}, {""key"": ""c"", ""timestamp"": 1752269307173}, {""key"": ""k"", ""timestamp"": 1752269307297}, {""key"": "" "", ""timestamp"": 1752269307431}, {""key"": ""p"", ""timestamp"": 1752269307567}, {""key"": ""e"", ""timestamp"": 1752269307683}, {""key"": ""l"", ""timestamp"": 1752269307892}, {""key"": ""l"", ""timestamp"": 1752269308032}, {""key"": ""s"", ""timestamp"": 1752269308174}, {""key"": "";"", ""timestamp"": 1752269308387}, {""key"": ""Backspace"", ""timestamp"": 1752269308931}, {""key"": ""."", ""timestamp"": 1752269309108}]","[{""error_type"": ""omission"", ""input"": ""s"", ""target"": ""s""}, {""error_type"": ""transposition"", ""input"": ""ss"", ""target"": ""ss""}, {""error_type"": ""omission"", ""input"": ""l"", ""target"": ""l""}, {""error_type"": ""transposition"", ""input"": ""ll"", ""target"": ""ll""}, {""error_type"": ""substitution"", ""input"": "";"", ""target"": "".""}]",2,3,1,0,209.724137931034
3,1,baseline,"orten depencers wentor sunch fatimand starget.",1752269309883.0,1752269323081.0,"[{""key"": ""o"", ""timestamp"": 1752269309883}, {""key"": ""r"", ""timestamp"": 1752269310058}, {""key"": ""t"", ""timestamp"": 1752269310417}, {""key"": ""e"", ""timestamp"": 1752269310524}, {""key"": ""n"", ""timestamp"": 1752269311551}, {""key"": "" "", ""timestamp"": 1752269311708}, {""key"": ""d"", ""timestamp"": 1752269311877}, {""key"": ""e"", ""timestamp"": 1752269312212}, {""key"": ""p"", ""timestamp"": 1752269312621}, {""key"": ""e"", ""timestamp"": 1752269312754}, {""key"": ""n"", ""timestamp"": 1752269312955}, {""key"": ""c"", ""timestamp"": 1752269315610}, {""key"": ""e"", ""timestamp"": 1752269315789}, {""key"": ""r"", ""timestamp"": 1752269315912}, {""key"": ""s"", ""timestamp"": 1752269316043}, {""key"": "" "", ""timestamp"": 1752269316386}, {""key"": ""w"", ""timestamp"": 1752269316691}, {""key"": ""e"", ""timestamp"": 1752269316804}, {""key"": ""n"", ""timestamp"": 1752269317025}, {""key"": ""t"", ""timestamp"": 1752269317938}, {""key"": ""o"", ""timestamp"": 1752269318095}, {""key"": ""r"", ""timestamp"": 1752269318242}, {""key"": "" "", ""timestamp"": 1752269318368}, {""key"": ""s"", ""timestamp"": 1752269318591}, {""key"": ""u"", ""timestamp"": 1752269318693}, {""key"": ""n"", ""timestamp"": 1752269319056}, {""key"": ""c"", ""timestamp"": 1752269319256}, {""key"": ""h"", ""timestamp"": 1752269319355}, {""key"": "" "", ""timestamp"": 1752269319563}, {""key"": ""f"", ""timestamp"": 1752269319744}, {""key"": ""a"", ""timestamp"": 1752269319877}, {""key"": ""t"", ""timestamp"": 1752269320099}, {""key"": ""i"", ""timestamp"": 1752269320256}, {""key"": ""m"", ""timestamp"": 1752269320515}, {""key"": ""a"", ""timestamp"": 1752269320666}, {""key"": ""n"", ""timestamp"": 1752269320773}, {""key"": ""d"", ""timestamp"": 1752269320896}, {""key"": "" "", ""timestamp"": 1752269321118}, {""key"": ""s"", ""timestamp"": 1752269321258}, {""key"": ""t"", ""timestamp"": 1752269321507}, {""key"": ""a"", ""timestamp"": 1752269321653}, {""key"": ""r"", ""timestamp"": 1752269321836}, {""key"": ""g"", ""timestamp"": 1752269322534}, {""key"": ""e"", ""timestamp"": 1752269322678}, {""key"": ""t"", ""timestamp"": 1752269322811}, {""key"": ""."", ""timestamp"": 1752269323080}]",[],2,3,1,0,286.913043478261
4,1,baseline,"kickspeck kifferent pells fi, ints anding fi hanchoin jus resh.",1752269323997.0,1752269337602.0,"[{""key"": ""k"", ""timestamp"": 1752269323997}, {""key"": ""i"", ""timestamp"": 1752269324366}, {""key"": ""c"", ""timestamp"": 1752269324512}, {""key"": ""k"", ""timestamp"": 1752269324647}, {""key"": ""s"", ""timestamp"": 1752269324947}, {""key"": ""p"", ""timestamp"": 1752269325078}, {""key"": ""e"", ""timestamp"": 1752269325208}, {""key"": ""c"", ""timestamp"": 1752269325437}, {""key"": ""k"", ""timestamp"": 1752269325600}, {""key"": "" "", ""timestamp"": 1752269325874}, {""key"": ""k"", ""timestamp"": 1752269326105}, {""key"": ""i"", ""timestamp"": 1752269326275}, {""key"": ""f"", ""timestamp"": 1752269326391}, {""key"": ""f"", ""timestamp"": 1752269326580}, {""key"": ""e"", ""timestamp"": 1752269326724}, {""key"": ""r"", ""timestamp"": 1752269326805}, {""key"": ""e"", ""timestamp"": 1752269326899}, {""key"": ""n"", ""timestamp"": 1752269327187}, {""key"": ""t"", ""timestamp"": 1752269327366}, {""key"": "" "", ""timestamp"": 1752269327536}, {""key"": ""p"", ""timestamp"": 1752269327861}, {""key"": ""e"", ""timestamp"": 1752269327977}, {""key"": ""k"", ""timestamp"": 1752269328369}, {""key"": ""k"", ""timestamp"": 1752269328538}, {""key"": ""Backspace"", ""timestamp"": 1752269328975}, {""key"": ""Backspace"", ""timestamp"": 1752269329100}, {""key"": ""l"", ""timestamp"": 1752269329512}, {""key"": ""l"", ""timestamp"": 1752269329660}, {""key"": ""s"", ""timestamp"": 1752269329858}, {""key"": "" "", ""timestamp"": 1752269330263}, {""key"": ""f"", ""timestamp"": 1752269330471}, {""key"": ""i"", ""timestamp"": 1752269330651}, {""key"": "" "", ""timestamp"": 1752269330811}, {""key"": ""Backspace"", ""timestamp"": 1752269331145}, {""key"": "","", ""timestamp"": 1752269331330}, {""key"": "" "", ""timestamp"": 1752269331496}, {""key"": ""i"", ""timestamp"": 1752269331787}, {""key"": ""n"", ""timestamp"": 1752269331990}, {""key"": ""t"", ""timestamp"": 1752269332125}, {""key"": ""s"", ""timestamp"": 1752269332304}, {""key"": "" "", ""timestamp"": 1752269332488}, {""key"": ""a"", ""timestamp"": 1752269332709}, {""key"": ""n"", ""timestamp"": 1752269332828}, {""key"": ""d"", ""timestamp"": 1752269332913}, {""key"": ""i"", ""timestamp"": 1752269333239}, {""key"": ""n"", ""timestamp"": 1752269333450}, {""key"": ""g"", ""timestamp"": 1752269333553}, {""key"": "" "", ""timestamp"": 1752269333646}, {""key"": ""f"", ""timestamp"": 1752269333970}, {""key"": ""i"", ""timestamp"": 1752269334062}, {""key"": "" "", ""timestamp"": 1752269334408}, {""key"": ""h"", ""timestamp"": 1752269334656}, {""key"": ""a"", ""timestamp"": 1752269334765}, {""key"": ""n"", ""timestamp"": 1752269334898}, {""key"": ""c"", ""timestamp"": 1752269335048}, {""key"": ""h"", ""timestamp"": 1752269335140}, {""key"": ""o"", ""timestamp"": 1752269335327}, {""key"": ""i"", ""timestamp"": 1752269335388}, {""key"": ""n"", ""timestamp"": 1752269335612}, {""key"": "" "", ""timestamp"": 1752269335775}, {""key"": ""j"", ""timestamp"": 1752269335894}, {""key"": ""u"", ""timestamp"": 1752269336087}, {""key"": ""s"", ""timestamp"": 1752269336180}, {""key"": "" "", ""timestamp"": 1752269336368}, {""key"": ""r"", ""timestamp"": 1752269336568}, {""key"": ""e"", ""timestamp"": 1752269336637}, {""key"": ""s"", ""timestamp"": 1752269337097}, {""key"": ""h"", ""timestamp"": 1752269337199}, {""key"": ""."", ""timestamp"": 1752269337601}]","[{""error_type"": ""omission"", ""input"": ""f"", ""target"": ""f""}, {""error_type"": ""transposition"", ""input"": ""ff"", ""target"": ""ff""}, {""error_type"": ""substitution"", ""input"": ""k"", ""target"": ""l""}, {""error_type"": ""substitution"", ""input"": ""k"", ""target"": ""l""}, {""error_type"": ""omission"", ""input"": ""l"", ""target"": ""l""}, {""error_type"": ""transposition"", ""input"": ""ll"", ""target"": ""ll""}, {""error_type"": ""omission"", ""input"": "" "", ""target"": "",""}]",4,6,3,0,215.952380952381
5,1,baseline,"sevent ruggling happentry rept, tex saidaw lasky upcoren nakes.",1752269338514.0,1752269349717.0,"[{""key"": ""s"", ""timestamp"": 1752269338514}, {""key"": ""e"", ""timestamp"": 1752269338943}, {""key"": ""v"", ""timestamp"": 1752269339088}, {""key"": ""e"", ""timestamp"": 1752269339202}, {""key"": ""n"", ""timestamp"": 1752269339443}, {""key"": ""t"", ""timestamp"": 1752269339579}, {""key"": "" "", ""timestamp"": 1752269339718}, {""key"": ""r"", ""timestamp"": 1752269339956}, {""key"": ""u"", ""timestamp"": 1752269340127}, {""key"": ""g"", ""timestamp"": 1752269340314}, {""key"": ""g"", ""timestamp"": 1752269340497}, {""key"": ""l"", ""timestamp"": 1752269340590}, {""key"": ""i"", ""timestamp"": 1752269340776}, {""key"": ""n"", ""timestamp"": 1752269340971}, {""key"": ""g"", ""timestamp"": 1752269341063}, {""key"": "" "", ""timestamp"": 1752269341174}, {""key"": ""h"", ""timestamp"": 1752269341327}, {""key"": ""a"", ""timestamp"": 1752269341434}, {""key"": ""p"", ""timestamp"": 1752269341574}, {""key"": ""p"", ""timestamp"": 1752269341710}, {""key"": ""e"", ""timestamp"": 1752269341822}, {""key"": ""n"", ""timestamp"": 1752269341992}, {""key"": ""t"", ""timestamp"": 1752269342088}, {""key"": ""r"", ""timestamp"": 1752269342295}, {""key"": ""y"", ""timestamp"": 1752269342401}, {""key"": "" "", ""timestamp"": 1752269342553}, {""key"": ""r"", ""timestamp"": 1752269342716}, {""key"": ""e"", ""timestamp"": 1752269342778}, {""key"": ""p"", ""timestamp"": 1752269342939}, {""key"": ""t"", ""timestamp"": 1752269343121}, {""key"": "","", ""timestamp"": 1752269343533}, {""key"": "" "", ""timestamp"": 1752269343690}, {""key"": ""t"", ""timestamp"": 1752269343997}, {""key"": ""e"", ""timestamp"": 1752269344075}, {""key"": ""x"", ""timestamp"": 1752269344308}, {""key"": "" "", ""timestamp"": 1752269344612}, {""key"": ""s"", ""timestamp"": 1752269344782}, {""key"": ""a"", ""timestamp"": 1752269344916}, {""key"": ""i"", ""timestamp"": 1752269345050}, {""key"": ""d"", ""timestamp"": 1752269345158}, {""key"": ""a"", ""timestamp"": 1752269345467}, {""key"": ""w"", ""timestamp"": 1752269345580}, {""key"": "" "", ""timestamp"": 1752269345907}, {""key"": ""l"", ""timestamp"": 1752269346187}, {""key"": ""a"", ""timestamp"": 1752269346255}, {""key"": ""s"", ""timestamp"": 1752269346345}, {""key"": ""k"", ""timestamp"": 1752269346511}, {""key"": ""y"", ""timestamp"": 1752269346715}, {""key"": "" "", ""timestamp"": 1752269346940}, {""key"": ""u"", ""timestamp"": 1752269347403}, {""key"": ""p"", ""timestamp"": 1752269347638}, {""key"": ""c"", ""timestamp"": 1752269347811}, {""key"": ""o"", ""timestamp"": 1752269347967}, {""key"": ""r"", ""timestamp"": 1752269348112}, {""key"": ""e"", ""timestamp"": 1752269348230}, {""key"": ""n"", ""timestamp"": 1752269348380}, {""key"": "" "", ""timestamp"": 1752269348584}, {""key"": ""n"", ""timestamp"": 1752269348854}, {""key"": ""a"", ""timestamp"": 1752269348965}, {""key"": ""k"", ""timestamp"": 1752269349128}, {""key"": ""e"", ""timestamp"": 1752269349215}, {""key"": ""s"", ""timestamp"": 1752269349387}, {""key"": ""."", ""timestamp"": 1752269349716}]","[{""error_type"": ""omission"", ""input"": ""g"", ""target"": ""g""}, {""error_type"": ""transposition"", ""input"": ""gg"", ""target"": ""gg""}, {""error_type"": ""omission"", ""input"": ""p"", ""target"": ""p""}, {""error_type"": ""transposition"", ""input"": ""pp"", ""target"": ""pp""}]",6,8,3,0,177.825396825397
6,1,baseline,"ubas tecon bankit, plandle os stis os, besters hannicatrace twent.",1752269350598.0,1752269367653.0,"[{""key"": ""u"", ""timestamp"": 1752269350598}, {""key"": ""b"", ""timestamp"": 1752269350901}, {""key"": ""a"", ""timestamp"": 1752269351081}, {""key"": ""s"", ""timestamp"": 1752269351243}, {""key"": "" "", ""timestamp"": 1752269351420}, {""key"": ""t"", ""timestamp"": 1752269351613}, {""key"": ""e"", ""timestamp"": 1752269351693}, {""key"": ""c"", ""timestamp"": 1752269351937}, {""key"": ""o"", ""timestamp"": 1752269352107}, {""key"": ""n"", ""timestamp"": 1752269352319}, {""key"": "" "", ""timestamp"": 1752269352454}, {""key"": ""b"", ""timestamp"": 1752269352667}, {""key"": ""a"", ""timestamp"": 1752269352785}, {""key"": ""m"", ""timestamp"": 1752269352962}, {""key"": ""Backspace"", ""timestamp"": 1752269353523}, {""key"": ""n"", ""timestamp"": 1752269354326}, {""key"": ""k"", ""timestamp"": 1752269354530}, {""key"": ""i"", ""timestamp"": 1752269354726}, {""key"": ""t"", ""timestamp"": 1752269354861}, {""key"": "" "", ""timestamp"": 1752269354978}, {""key"": ""Backspace"", ""timestamp"": 1752269355357}, {""key"": "","", ""timestamp"": 1752269355472}, {""key"": "" "", ""timestamp"": 1752269355672}, {""key"": ""p"", ""timestamp"": 1752269355959}, {""key"": ""l"", ""timestamp"": 1752269356133}, {""key"": ""a"", ""timestamp"": 1752269356257}, {""key"": ""n"", ""timestamp"": 1752269356448}, {""key"": ""d"", ""timestamp"": 1752269356567}, {""key"": ""e"", ""timestamp"": 1752269356832}, {""key"": ""l"", ""timestamp"": 1752269356903}, {""key"": ""Backspace"", ""timestamp"": 1752269357236}, {""key"": ""Backspace"", ""timestamp"": 1752269357371}, {""key"": ""l"", ""timestamp"": 1752269357629}, {""key"": ""e"", ""timestamp"": 1752269357771}, {""key"": "" "", ""timestamp"": 1752269357868}, {""key"": ""o"", ""timestamp"": 1752269358260}, {""key"": ""s"", ""timestamp"": 1752269358371}, {""key"": "" "", ""timestamp"": 1752269358528}, {""key"": ""s"", ""timestamp"": 1752269358776}, {""key"": ""t"", ""timestamp"": 1752269358967}, {""key"": ""i"", ""timestamp"": 1752269359092}, {""key"": ""s"", ""timestamp"": 1752269359206}, {""key"": "" "", ""timestamp"": 1752269359615}, {""key"": ""o"", ""timestamp"": 1752269359802}, {""key"": ""s"", ""timestamp"": 1752269359912}, {""key"": "","", ""timestamp"": 1752269360307}, {""key"": "" "", ""timestamp"": 1752269360464}, {""key"": ""b"", ""timestamp"": 1752269360925}, {""key"": ""e"", ""timestamp"": 1752269361039}, {""key"": ""s"", ""timestamp"": 1752269361320}, {""key"": ""t"", ""timestamp"": 1752269361533}, {""key"": ""e"", ""timestamp"": 1752269361695}, {""key"": ""r"", ""timestamp"": 1752269361780}, {""key"": ""s"", ""timestamp"": 1752269361922}, {""key"": "" "", ""timestamp"": 1752269362219}, {""key"": ""h"", ""timestamp"": 1752269362413}, {""key"": ""a"", ""timestamp"": 1752269362527}, {""key"": ""n"", ""timestamp"": 1752269362671}, {""key"": ""n"", ""timestamp"": 1752269362828}, {""key"": ""i"", ""timestamp"": 1752269363063}, {""key"": ""c"", ""timestamp"": 1752269363299}, {""key"": ""a"", ""timestamp"": 1752269363535}, {""key"": ""t"", ""timestamp"": 1752269363737}, {""key"": ""r"", ""timestamp"": 1752269363978}, {""key"": ""a"", ""timestamp"": 1752269364082}, {""key"": ""c"", ""timestamp"": 1752269364322}, {""key"": ""e"", ""timestamp"": 1752269364382}, {""key"": "" "", ""timestamp"": 1752269365569}, {""key"": ""t"", ""timestamp"": 1752269365945}, {""key"": ""w"", ""timestamp"": 1752269366090}, {""key"": ""i"", ""timestamp"": 1752269366494}, {""key"": ""Backspace"", ""timestamp"": 1752269366900}, {""key"": ""e"", ""timestamp"": 1752269367018}, {""key"": ""n"", ""timestamp"": 1752269367191}, {""key"": ""t"", ""timestamp"": 1752269367324}, {""key"": ""."", ""timestamp"": 1752269367653}]","[{""error_type"": ""substitution"", ""input"": ""m"", ""target"": ""n""}, {""error_type"": ""omission"", ""input"": "" "", ""target"": "",""}, {""error_type"": ""omission"", ""input"": ""e"", ""target"": ""l""}, {""error_type"": ""transposition"", ""input"": ""el"", ""target"": ""le""}, {""error_type"": ""addidtion"", ""input"": ""del"", ""target"": ""dl""}, {""error_type"": ""omission"", ""input"": ""n"", ""target"": ""n""}, {""error_type"": ""transposition"", ""input"": ""nn"", ""target"": ""nn""}]",8,11,4,1,258.409090909091
7,1,baseline,"savid hannicatrace gred sprin belents gandoff.",1752269368338.0,1752269377812.0,"[{""key"": ""s"", ""timestamp"": 1752269368338}, {""key"": ""a"", ""timestamp"": 1752269368946}, {""key"": ""v"", ""timestamp"": 1752269369138}, {""key"": ""i"", ""timestamp"": 1752269369320}, {""key"": ""d"", ""timestamp"": 1752269369416}, {""key"": "" "", ""timestamp"": 1752269369587}, {""key"": ""h"", ""timestamp"": 1752269369910}, {""key"": ""a"", ""timestamp"": 1752269370069}, {""key"": ""n"", ""timestamp"": 1752269370826}, {""key"": ""n"", ""timestamp"": 1752269370974}, {""key"": ""i"", ""timestamp"": 1752269371151}, {""key"": ""c"", ""timestamp"": 1752269371433}, {""key"": ""a"", ""timestamp"": 1752269371533}, {""key"": ""t"", ""timestamp"": 1752269371751}, {""key"": ""r"", ""timestamp"": 1752269371930}, {""key"": ""a"", ""timestamp"": 1752269372067}, {""key"": ""c"", ""timestamp"": 1752269372245}, {""key"": ""e"", ""timestamp"": 1752269372334}, {""key"": "" "", ""timestamp"": 1752269372611}, {""key"": ""g"", ""timestamp"": 1752269373008}, {""key"": ""r"", ""timestamp"": 1752269373201}, {""key"": ""e"", ""timestamp"": 1752269373280}, {""key"": ""d"", ""timestamp"": 1752269373482}, {""key"": "" "", ""timestamp"": 1752269373671}, {""key"": ""s"", ""timestamp"": 1752269373820}, {""key"": ""p"", ""timestamp"": 1752269373958}, {""key"": ""r"", ""timestamp"": 1752269374121}, {""key"": ""i"", ""timestamp"": 1752269374248}, {""key"": ""n"", ""timestamp"": 1752269374450}, {""key"": "" "", ""timestamp"": 1752269374618}, {""key"": ""b"", ""timestamp"": 1752269375013}, {""key"": ""e"", ""timestamp"": 1752269375407}, {""key"": ""l"", ""timestamp"": 1752269375552}, {""key"": ""e"", ""timestamp"": 1752269375669}, {""key"": ""n"", ""timestamp"": 1752269375843}, {""key"": ""t"", ""timestamp"": 1752269376000}, {""key"": ""s"", ""timestamp"": 1752269376108}, {""key"": "" "", ""timestamp"": 1752269376429}, {""key"": ""g"", ""timestamp"": 1752269376545}, {""key"": ""a"", ""timestamp"": 1752269376636}, {""key"": ""n"", ""timestamp"": 1752269376801}, {""key"": ""d"", ""timestamp"": 1752269376896}, {""key"": ""o"", ""timestamp"": 1752269377092}, {""key"": ""f"", ""timestamp"": 1752269377417}, {""key"": ""f"", ""timestamp"": 1752269377603}, {""key"": ""."", ""timestamp"": 1752269377811}]","[{""error_type"": ""omission"", ""input"": ""n"", ""target"": ""n""}, {""error_type"": ""transposition"", ""input"": ""nn"", ""target"": ""nn""}, {""error_type"": ""omission"", ""input"": ""f"", ""target"": ""f""}, {""error_type"": ""transposition"", ""input"": ""ff"", ""target"": ""ff""}]",10,13,4,1,205.95652173913
8,1,baseline,"soundid togetting lenew squick, cancake gred ruggling gon kims.",1752269378554.0,1752269392653.0,"[{""key"": ""s"", ""timestamp"": 1752269378554}, {""key"": ""o"", ""timestamp"": 1752269378757}, {""key"": ""i"", ""timestamp"": 1752269378785}, {""key"": ""Backspace"", ""timestamp"": 1752269379354}, {""key"": ""u"", ""timestamp"": 1752269380050}, {""key"": ""n"", ""timestamp"": 1752269380258}, {""key"": ""d"", ""timestamp"": 1752269380371}, {""key"": ""i"", ""timestamp"": 1752269380503}, {""key"": ""d"", ""timestamp"": 1752269380608}, {""key"": "" "", ""timestamp"": 1752269380748}, {""key"": ""t"", ""timestamp"": 1752269381208}, {""key"": ""o"", ""timestamp"": 1752269381412}, {""key"": ""g"", ""timestamp"": 1752269381527}, {""key"": ""e"", ""timestamp"": 1752269381723}, {""key"": ""t"", ""timestamp"": 1752269381887}, {""key"": ""t"", ""timestamp"": 1752269382046}, {""key"": ""i"", ""timestamp"": 1752269382160}, {""key"": ""n"", ""timestamp"": 1752269382334}, {""key"": ""g"", ""timestamp"": 1752269382408}, {""key"": "" "", ""timestamp"": 1752269382537}, {""key"": ""l"", ""timestamp"": 1752269382875}, {""key"": ""e"", ""timestamp"": 1752269382967}, {""key"": ""n"", ""timestamp"": 1752269383145}, {""key"": ""e"", ""timestamp"": 1752269383259}, {""key"": ""w"", ""timestamp"": 1752269383369}, {""key"": "" "", ""timestamp"": 1752269383609}, {""key"": ""s"", ""timestamp"": 1752269383786}, {""key"": ""q"", ""timestamp"": 1752269384022}, {""key"": ""u"", ""timestamp"": 1752269384147}, {""key"": ""i"", ""timestamp"": 1752269384361}, {""key"": ""c"", ""timestamp"": 1752269384477}, {""key"": ""k"", ""timestamp"": 1752269384602}, {""key"": ""m"", ""timestamp"": 1752269384932}, {""key"": "","", ""timestamp"": 1752269384958}, {""key"": ""Backspace"", ""timestamp"": 1752269385438}, {""key"": ""Backspace"", ""timestamp"": 1752269385589}, {""key"": ""m"", ""timestamp"": 1752269385924}, {""key"": "" "", ""timestamp"": 1752269386092}, {""key"": ""Backspace"", ""timestamp"": 1752269386470}, {""key"": ""Backspace"", ""timestamp"": 1752269386588}, {""key"": "","", ""timestamp"": 1752269386782}, {""key"": "" "", ""timestamp"": 1752269387341}, {""key"": ""c"", ""timestamp"": 1752269387512}, {""key"": ""a"", ""timestamp"": 1752269387628}, {""key"": ""n"", ""timestamp"": 1752269387749}, {""key"": ""c"", ""timestamp"": 1752269387925}, {""key"": ""a"", ""timestamp"": 1752269388105}, {""key"": ""k"", ""timestamp"": 1752269388285}, {""key"": ""e"", ""timestamp"": 1752269388366}, {""key"": "" "", ""timestamp"": 1752269388533}, {""key"": ""g"", ""timestamp"": 1752269388836}, {""key"": ""r"", ""timestamp"": 1752269389034}, {""key"": ""e"", ""timestamp"": 1752269389090}, {""key"": ""d"", ""timestamp"": 1752269389277}, {""key"": "" "", ""timestamp"": 1752269389437}, {""key"": ""r"", ""timestamp"": 1752269389839}, {""key"": ""u"", ""timestamp"": 1752269390021}, {""key"": ""g"", ""timestamp"": 1752269390180}, {""key"": ""g"", ""timestamp"": 1752269390334}, {""key"": ""l"", ""timestamp"": 1752269390515}, {""key"": ""i"", ""timestamp"": 1752269390670}, {""key"": ""n"", ""timestamp"": 1752269390896}, {""key"": ""g"", ""timestamp"": 1752269390980}, {""key"": "" "", ""timestamp"": 1752269391102}, {""key"": ""g"", ""timestamp"": 1752269391234}, {""key"": ""o"", ""timestamp"": 1752269391336}, {""key"": ""n"", ""timestamp"": 1752269391537}, {""key"": "" "", ""timestamp"": 1752269391668}, {""key"": ""k"", ""timestamp"": 1752269391823}, {""key"": ""i"", ""timestamp"": 1752269391998}, {""key"": ""m"", ""timestamp"": 1752269392212}, {""key"": ""s"", ""timestamp"": 1752269392426}, {""key"": ""."", ""timestamp"": 1752269392652}]","[{""error_type"": ""substitution"", ""input"": ""i"", ""target"": ""u""}, {""error_type"": ""omission"", ""input"": ""t"", ""target"": ""t""}, {""error_type"": ""transposition"", ""input"": ""tt"", ""target"": ""tt""}, {""error_type"": ""substitution"", ""input"": ""m"", ""target"": "",""}, {""error_type"": ""addidtion"", ""input"": ""km,"", ""target"": ""k,""}, {""error_type"": ""substitution"", ""input"": ""m"", ""target"": "",""}, {""error_type"": ""omission"", ""input"": ""g"", ""target"": ""g""}, {""error_type"": ""transposition"", ""input"": ""gg"", ""target"": ""gg""}]",12,15,7,2,223.793650793651
9,1,baseline,"tast os askets classengers, jobjector tanin fi, besters gast.",1752269393778.0,1752269407636.0,"[{""key"": ""t"", ""timestamp"": 1752269393778}, {""key"": ""a"", ""timestamp"": 1752269393917}, {""key"": ""s"", ""timestamp"": 1752269394069}, {""key"": ""t"", ""timestamp"": 1752269394214}, {""key"": "" "", ""timestamp"": 1752269394382}, {""key"": ""o"", ""timestamp"": 1752269394570}, {""key"": ""s"", ""timestamp"": 1752269394667}, {""key"": "" "", ""timestamp"": 1752269394782}, {""key"": ""a"", ""timestamp"": 1752269395125}, {""key"": ""s"", ""timestamp"": 1752269395228}, {""key"": ""k"", ""timestamp"": 1752269395385}, {""key"": ""e"", ""timestamp"": 1752269395511}, {""key"": ""t"", ""timestamp"": 1752269395673}, {""key"": "" "", ""timestamp"": 1752269395856}, {""key"": ""Backspace"", ""timestamp"": 1752269396273}, {""key"": ""s"", ""timestamp"": 1752269396401}, {""key"": "" "", ""timestamp"": 1752269396527}, {""key"": ""c"", ""timestamp"": 1752269397015}, {""key"": ""l"", ""timestamp"": 1752269397150}, {""key"": ""a"", ""timestamp"": 1752269397277}, {""key"": ""s"", ""timestamp"": 1752269397399}, {""key"": ""s"", ""timestamp"": 1752269397601}, {""key"": ""e"", ""timestamp"": 1752269397780}, {""key"": ""n"", ""timestamp"": 1752269397919}, {""key"": ""g"", ""timestamp"": 1752269398052}, {""key"": ""e"", ""timestamp"": 1752269398163}, {""key"": ""r"", ""timestamp"": 1752269398267}, {""key"": ""s"", ""timestamp"": 1752269398394}, {""key"": "","", ""timestamp"": 1752269398614}, {""key"": "" "", ""timestamp"": 1752269398737}, {""key"": ""h"", ""timestamp"": 1752269399429}, {""key"": ""Backspace"", ""timestamp"": 1752269399985}, {""key"": ""j"", ""timestamp"": 1752269400404}, {""key"": ""o"", ""timestamp"": 1752269400528}, {""key"": ""b"", ""timestamp"": 1752269400756}, {""key"": ""j"", ""timestamp"": 1752269402067}, {""key"": ""e"", ""timestamp"": 1752269402172}, {""key"": ""c"", ""timestamp"": 1752269402370}, {""key"": ""t"", ""timestamp"": 1752269402619}, {""key"": ""o"", ""timestamp"": 1752269402732}, {""key"": ""r"", ""timestamp"": 1752269402847}, {""key"": "" "", ""timestamp"": 1752269403102}, {""key"": ""t"", ""timestamp"": 1752269403260}, {""key"": ""a"", ""timestamp"": 1752269403367}, {""key"": ""n"", ""timestamp"": 1752269403474}, {""key"": ""i"", ""timestamp"": 1752269403654}, {""key"": ""n"", ""timestamp"": 1752269403777}, {""key"": "" "", ""timestamp"": 1752269404087}, {""key"": ""f"", ""timestamp"": 1752269404411}, {""key"": ""i"", ""timestamp"": 1752269404534}, {""key"": "","", ""timestamp"": 1752269405149}, {""key"": "" "", ""timestamp"": 1752269405365}, {""key"": ""b"", ""timestamp"": 1752269405790}, {""key"": ""e"", ""timestamp"": 1752269405875}, {""key"": ""s"", ""timestamp"": 1752269406040}, {""key"": ""t"", ""timestamp"": 1752269406144}, {""key"": ""e"", ""timestamp"": 1752269406294}, {""key"": ""r"", ""timestamp"": 1752269406354}, {""key"": ""s"", ""timestamp"": 1752269406465}, {""key"": "" "", ""timestamp"": 1752269406770}, {""key"": ""g"", ""timestamp"": 1752269406930}, {""key"": ""a"", ""timestamp"": 1752269406982}, {""key"": ""s"", ""timestamp"": 1752269407163}, {""key"": ""t"", ""timestamp"": 1752269407289}, {""key"": ""."", ""timestamp"": 1752269407635}]","[{""error_type"": ""omission"", ""input"": "" "", ""target"": ""s""}, {""error_type"": ""omission"", ""input"": ""s"", ""target"": ""s""}, {""error_type"": ""transposition"", ""input"": ""ss"", ""target"": ""ss""}, {""error_type"": ""substitution"", ""input"": ""h"", ""target"": ""j""}]",13,17,8,2,227.180327868852
10,1,baseline,"shood yeardering nat os twent kickspeck, thebemmer clively sprin hanchoin.",1752269408413.0,1752269428055.0,"[{""key"": ""s"", ""timestamp"": 1752269408413}, {""key"": ""h"", ""timestamp"": 1752269408535}, {""key"": ""o"", ""timestamp"": 1752269408727}, {""key"": ""o"", ""timestamp"": 1752269408876}, {""key"": ""d"", ""timestamp"": 1752269408990}, {""key"": "" "", ""timestamp"": 1752269409101}, {""key"": ""y"", ""timestamp"": 1752269409406}, {""key"": ""e"", ""timestamp"": 1752269409440}, {""key"": ""a"", ""timestamp"": 1752269409542}, {""key"": ""r"", ""timestamp"": 1752269409638}, {""key"": ""d"", ""timestamp"": 1752269409874}, {""key"": ""e"", ""timestamp"": 1752269410200}, {""key"": ""r"", ""timestamp"": 1752269410355}, {""key"": ""i"", ""timestamp"": 1752269410494}, {""key"": ""n"", ""timestamp"": 1752269410688}, {""key"": ""g"", ""timestamp"": 1752269410792}, {""key"": "" "", ""timestamp"": 1752269410944}, {""key"": ""g"", ""timestamp"": 1752269411206}, {""key"": ""Backspace"", ""timestamp"": 1752269411640}, {""key"": ""n"", ""timestamp"": 1752269411888}, {""key"": ""a"", ""timestamp"": 1752269411969}, {""key"": ""t"", ""timestamp"": 1752269412103}, {""key"": "" "", ""timestamp"": 1752269412248}, {""key"": ""o"", ""timestamp"": 1752269412394}, {""key"": ""s"", ""timestamp"": 1752269412499}, {""key"": "" "", ""timestamp"": 1752269412608}, {""key"": ""t"", ""timestamp"": 1752269412890}, {""key"": ""w"", ""timestamp"": 1752269413408}, {""key"": ""e"", ""timestamp"": 1752269413531}, {""key"": ""n"", ""timestamp"": 1752269414005}, {""key"": ""t"", ""timestamp"": 1752269414118}, {""key"": "" "", ""timestamp"": 1752269414335}, {""key"": ""k"", ""timestamp"": 1752269414794}, {""key"": ""i"", ""timestamp"": 1752269414961}, {""key"": ""c"", ""timestamp"": 1752269415064}, {""key"": ""k"", ""timestamp"": 1752269415240}, {""key"": ""s"", ""timestamp"": 1752269415578}, {""key"": ""p"", ""timestamp"": 1752269415693}, {""key"": ""e"", ""timestamp"": 1752269415857}, {""key"": ""c"", ""timestamp"": 1752269416042}, {""key"": "","", ""timestamp"": 1752269416272}, {""key"": "" "", ""timestamp"": 1752269416423}, {""key"": ""Backspace"", ""timestamp"": 1752269416894}, {""key"": ""Backspace"", ""timestamp"": 1752269417035}, {""key"": ""l"", ""timestamp"": 1752269418054}, {""key"": ""Backspace"", ""timestamp"": 1752269418609}, {""key"": ""k"", ""timestamp"": 1752269418931}, {""key"": "","", ""timestamp"": 1752269419153}, {""key"": "" "", ""timestamp"": 1752269419406}, {""key"": ""t"", ""timestamp"": 1752269419567}, {""key"": ""h"", ""timestamp"": 1752269419667}, {""key"": ""e"", ""timestamp"": 1752269419765}, {""key"": ""m"", ""timestamp"": 1752269419910}, {""key"": ""b"", ""timestamp"": 1752269420147}, {""key"": ""e"", ""timestamp"": 1752269420280}, {""key"": ""Backspace"", ""timestamp"": 1752269420616}, {""key"": ""Backspace"", ""timestamp"": 1752269420743}, {""key"": ""Backspace"", ""timestamp"": 1752269420878}, {""key"": ""b"", ""timestamp"": 1752269421541}, {""key"": ""e"", ""timestamp"": 1752269421715}, {""key"": ""m"", ""timestamp"": 1752269422069}, {""key"": ""m"", ""timestamp"": 1752269422238}, {""key"": ""e"", ""timestamp"": 1752269422587}, {""key"": ""r"", ""timestamp"": 1752269422733}, {""key"": "" "", ""timestamp"": 1752269423005}, {""key"": ""c"", ""timestamp"": 1752269423262}, {""key"": ""l"", ""timestamp"": 1752269423388}, {""key"": ""i"", ""timestamp"": 1752269423589}, {""key"": ""v"", ""timestamp"": 1752269423780}, {""key"": ""e"", ""timestamp"": 1752269423987}, {""key"": ""l"", ""timestamp"": 1752269424184}, {""key"": ""y"", ""timestamp"": 1752269424320}, {""key"": "" "", ""timestamp"": 1752269424624}, {""key"": ""s"", ""timestamp"": 1752269424774}, {""key"": ""p"", ""timestamp"": 1752269424939}, {""key"": ""r"", ""timestamp"": 1752269425090}, {""key"": ""i"", ""timestamp"": 1752269425231}, {""key"": ""n"", ""timestamp"": 1752269425434}, {""key"": "" "", ""timestamp"": 1752269425728}, {""key"": ""h"", ""timestamp"": 1752269425950}, {""key"": ""a"", ""timestamp"": 1752269426061}, {""key"": ""n"", ""timestamp"": 1752269426198}, {""key"": ""c"", ""timestamp"": 1752269426356}, {""key"": ""h"", ""timestamp"": 1752269427030}, {""key"": ""o"", ""timestamp"": 1752269427292}, {""key"": ""i"", ""timestamp"": 1752269427429}, {""key"": ""n"", ""timestamp"": 1752269427661}, {""key"": ""."", ""timestamp"": 1752269428054}]","[{""error_type"": ""omission"", ""input"": ""o"", ""target"": ""o""}, {""error_type"": ""transposition"", ""input"": ""oo"", ""target"": ""oo""}, {""error_type"": ""omission"", ""input"": "","", ""target"": ""k""}, {""error_type"": ""substitution"", ""input"": "","", ""target"": ""k""}, {""error_type"": ""omission"", ""input"": "" "", ""target"": "",""}, {""error_type"": ""substitution"", ""input"": ""l"", ""target"": ""k""}, {""error_type"": ""addidtion"", ""input"": ""emb"", ""target"": ""eb""}, {""error_type"": ""omission"", ""input"": ""m"", ""target"": ""m""}, {""error_type"": ""transposition"", ""input"": ""mm"", ""target"": ""mm""}]",15,21,10,3,265.432432432432
11,1,crulp,"یہ عمارت زراعت کے ترقی یافتہ ہونے کا ثبوت ہے۔",1752269439117.0,1752269482226.0,"[{""key"": ""y"", ""timestamp"": 1752269439117}, {""key"": ""e"", ""timestamp"": 1752269439261}, {""key"": ""Backspace"", ""timestamp"": 1752269439751}, {""key"": ""Backspace"", ""timestamp"": 1752269439890}, {""key"": ""i"", ""timestamp"": 1752269440273}, {""key"": ""o"", ""timestamp"": 1752269440973}, {""key"": "" "", ""timestamp"": 1752269441162}, {""key"": ""e"", ""timestamp"": 1752269445695}, {""key"": ""m"", ""timestamp"": 1752269446569}, {""key"": ""a"", ""timestamp"": 1752269446753}, {""key"": ""r"", ""timestamp"": 1752269447129}, {""key"": ""t"", ""timestamp"": 1752269447440}, {""key"": "" "", ""timestamp"": 1752269447699}, {""key"": ""z"", ""timestamp"": 1752269448384}, {""key"": ""r"", ""timestamp"": 1752269448940}, {""key"": ""a"", ""timestamp"": 1752269449104}, {""key"": ""e"", ""timestamp"": 1752269449599}, {""key"": ""t"", ""timestamp"": 1752269450381}, {""key"": "" "", ""timestamp"": 1752269450673}, {""key"": ""k"", ""timestamp"": 1752269451083}, {""key"": ""y"", ""timestamp"": 1752269453001}, {""key"": "" "", ""timestamp"": 1752269453212}, {""key"": ""t"", ""timestamp"": 1752269454694}, {""key"": ""r"", ""timestamp"": 1752269455010}, {""key"": ""q"", ""timestamp"": 1752269455733}, {""key"": ""i"", ""timestamp"": 1752269456517}, {""key"": "" "", ""timestamp"": 1752269456742}, {""key"": ""i"", ""timestamp"": 1752269459543}, {""key"": ""a"", ""timestamp"": 1752269459962}, {""key"": ""f"", ""timestamp"": 1752269460612}, {""key"": ""t"", ""timestamp"": 1752269461165}, {""key"": ""h"", ""timestamp"": 1752269462256}, {""key"": ""Backspace"", ""timestamp"": 1752269462942}, {""key"": ""o"", ""timestamp"": 1752269463262}, {""key"": "" "", ""timestamp"": 1752269463470}, {""key"": ""h"", ""timestamp"": 1752269464134}, {""key"": ""Backspace"", ""timestamp"": 1752269464685}, {""key"": ""o"", ""timestamp"": 1752269464944}, {""key"": ""w"", ""timestamp"": 1752269465867}, {""key"": ""n"", ""timestamp"": 1752269466261}, {""key"": ""i"", ""timestamp"": 1752269466869}, {""key"": ""Backspace"", ""timestamp"": 1752269467465}, {""key"": ""y"", ""timestamp"": 1752269468240}, {""key"": "" "", ""timestamp"": 1752269468611}, {""key"": ""k"", ""timestamp"": 1752269468916}, {""key"": ""a"", ""timestamp"": 1752269469054}, {""key"": "" "", ""timestamp"": 1752269469364}, {""key"": ""c"", ""timestamp"": 1752269471278}, {""key"": ""Backspace"", ""timestamp"": 1752269471660}, {""key"": ""Shift"", ""timestamp"": 1752269471684}, {""key"": ""C"", ""timestamp"": 1752269471806}, {""key"": ""b"", ""timestamp"": 1752269472580}, {""key"": ""w"", ""timestamp"": 1752269473482}, {""key"": ""t"", ""timestamp"": 1752269473966}, {""key"": "" "", ""timestamp"": 1752269474192}, {""key"": ""h"", ""timestamp"": 1752269474636}, {""key"": ""Backspace"", ""timestamp"": 1752269475249}, {""key"": ""o"", ""timestamp"": 1752269476480}, {""key"": ""e"", ""timestamp"": 1752269478961}, {""key"": ""Backspace"", ""timestamp"": 1752269479726}, {""key"": ""r"", ""timestamp"": 1752269480098}, {""key"": ""Backspace"", ""timestamp"": 1752269480705}, {""key"": ""y"", ""timestamp"": 1752269481617}, {""key"": ""."", ""timestamp"": 1752269482224}]",[],0,0,0,0,957.977777777778
12,1,crulp,"میں جیسا چاہتا ہوں ویسا موسم ڈھونڈ لیتا ہوں",1752269483303.0,1752269534102.0,"[{""key"": ""m"", ""timestamp"": 1752269483303}, {""key"": ""i"", ""timestamp"": 1752269483709}, {""key"": ""Shift"", ""timestamp"": 1752269484114}, {""key"": ""N"", ""timestamp"": 1752269484219}, {""key"": "" "", ""timestamp"": 1752269484668}, {""key"": ""j"", ""timestamp"": 1752269486029}, {""key"": ""i"", ""timestamp"": 1752269486466}, {""key"": ""s"", ""timestamp"": 1752269486792}, {""key"": ""a"", ""timestamp"": 1752269487413}, {""key"": "" "", ""timestamp"": 1752269487792}, {""key"": ""c"", ""timestamp"": 1752269492474}, {""key"": ""a"", ""timestamp"": 1752269493170}, {""key"": ""o"", ""timestamp"": 1752269494231}, {""key"": ""t"", ""timestamp"": 1752269494688}, {""key"": ""a"", ""timestamp"": 1752269494803}, {""key"": "" "", ""timestamp"": 1752269495273}, {""key"": ""o"", ""timestamp"": 1752269495927}, {""key"": ""w"", ""timestamp"": 1752269496721}, {""key"": ""Shift"", ""timestamp"": 1752269497111}, {""key"": ""N"", ""timestamp"": 1752269497243}, {""key"": "" "", ""timestamp"": 1752269497557}, {""key"": ""w"", ""timestamp"": 1752269498582}, {""key"": ""i"", ""timestamp"": 1752269499257}, {""key"": ""s"", ""timestamp"": 1752269499619}, {""key"": ""a"", ""timestamp"": 1752269499835}, {""key"": "" "", ""timestamp"": 1752269500192}, {""key"": ""m"", ""timestamp"": 1752269500833}, {""key"": ""s"", ""timestamp"": 1752269501067}, {""key"": ""Backspace"", ""timestamp"": 1752269501517}, {""key"": ""w"", ""timestamp"": 1752269501632}, {""key"": ""s"", ""timestamp"": 1752269501946}, {""key"": ""m"", ""timestamp"": 1752269502622}, {""key"": "" "", ""timestamp"": 1752269502800}, {""key"": ""d"", ""timestamp"": 1752269519589}, {""key"": ""Backspace"", ""timestamp"": 1752269520373}, {""key"": ""Shift"", ""timestamp"": 1752269520501}, {""key"": ""D"", ""timestamp"": 1752269520610}, {""key"": ""Shift"", ""timestamp"": 1752269523669}, {""key"": ""H"", ""timestamp"": 1752269523793}, {""key"": ""w"", ""timestamp"": 1752269524730}, {""key"": ""n"", ""timestamp"": 1752269525492}, {""key"": ""Shift"", ""timestamp"": 1752269527316}, {""key"": ""D"", ""timestamp"": 1752269527405}, {""key"": "" "", ""timestamp"": 1752269527855}, {""key"": ""l"", ""timestamp"": 1752269528592}, {""key"": ""i"", ""timestamp"": 1752269528846}, {""key"": ""t"", ""timestamp"": 1752269530220}, {""key"": ""a"", ""timestamp"": 1752269530379}, {""key"": "" "", ""timestamp"": 1752269530803}, {""key"": ""h"", ""timestamp"": 1752269531364}, {""key"": ""Backspace"", ""timestamp"": 1752269531979}, {""key"": ""o"", ""timestamp"": 1752269532765}, {""key"": ""w"", ""timestamp"": 1752269533453}, {""key"": ""Shift"", ""timestamp"": 1752269533974}, {""key"": ""N"", ""timestamp"": 1752269534100}]","[{""error_type"": ""omission"", ""input"": ""\u0633"", ""target"": ""\u0648""}, {""error_type"": ""substitution"", ""input"": ""s"", ""target"": ""w""}]",0,1,1,0,1181.37209302326
13,1,crulp,"ہاکنگ نے ایک چیلنج دنیائے طبیعیات کو بھی دیا۔",1752269579812.0,1752269650797.0,"[{""key"": ""o"", ""timestamp"": 1752269579812}, {""key"": ""a"", ""timestamp"": 1752269580630}, {""key"": ""k"", ""timestamp"": 1752269581224}, {""key"": ""n"", ""timestamp"": 1752269581511}, {""key"": ""g"", ""timestamp"": 1752269582236}, {""key"": "" "", ""timestamp"": 1752269582585}, {""key"": ""n"", ""timestamp"": 1752269583073}, {""key"": ""e"", ""timestamp"": 1752269584318}, {""key"": ""Backspace"", ""timestamp"": 1752269584894}, {""key"": ""i"", ""timestamp"": 1752269585209}, {""key"": ""Backspace"", ""timestamp"": 1752269585847}, {""key"": ""y"", ""timestamp"": 1752269586706}, {""key"": "" "", ""timestamp"": 1752269587112}, {""key"": ""a"", ""timestamp"": 1752269588012}, {""key"": ""i"", ""timestamp"": 1752269588503}, {""key"": ""k"", ""timestamp"": 1752269588937}, {""key"": "" "", ""timestamp"": 1752269589196}, {""key"": ""c"", ""timestamp"": 1752269590868}, {""key"": ""i"", ""timestamp"": 1752269592160}, {""key"": ""l"", ""timestamp"": 1752269592668}, {""key"": ""n"", ""timestamp"": 1752269593273}, {""key"": ""j"", ""timestamp"": 1752269594308}, {""key"": "" "", ""timestamp"": 1752269594921}, {""key"": ""d"", ""timestamp"": 1752269595436}, {""key"": ""i"", ""timestamp"": 1752269595962}, {""key"": ""Backspace"", ""timestamp"": 1752269596952}, {""key"": ""n"", ""timestamp"": 1752269597455}, {""key"": ""i"", ""timestamp"": 1752269598335}, {""key"": ""a"", ""timestamp"": 1752269598916}, {""key"": ""u"", ""timestamp"": 1752269612129}, {""key"": ""Backspace"", ""timestamp"": 1752269612749}, {""key"": ""Shift"", ""timestamp"": 1752269612878}, {""key"": ""U"", ""timestamp"": 1752269613017}, {""key"": ""e"", ""timestamp"": 1752269613782}, {""key"": ""Backspace"", ""timestamp"": 1752269614362}, {""key"": ""y"", ""timestamp"": 1752269615103}, {""key"": "" "", ""timestamp"": 1752269615661}, {""key"": ""t"", ""timestamp"": 1752269626011}, {""key"": ""Backspace"", ""timestamp"": 1752269626511}, {""key"": ""Shift"", ""timestamp"": 1752269628025}, {""key"": ""Shift"", ""timestamp"": 1752269628525}, {""key"": ""Shift"", ""timestamp"": 1752269628560}, {""key"": ""Shift"", ""timestamp"": 1752269628595}, {""key"": ""Shift"", ""timestamp"": 1752269628638}, {""key"": ""Shift"", ""timestamp"": 1752269628662}, {""key"": ""Shift"", ""timestamp"": 1752269628691}, {""key"": ""Shift"", ""timestamp"": 1752269628727}, {""key"": ""Shift"", ""timestamp"": 1752269628761}, {""key"": ""Shift"", ""timestamp"": 1752269628793}, {""key"": ""Shift"", ""timestamp"": 1752269628820}, {""key"": ""Shift"", ""timestamp"": 1752269628855}, {""key"": ""Shift"", ""timestamp"": 1752269628894}, {""key"": ""Shift"", ""timestamp"": 1752269628928}, {""key"": ""Shift"", ""timestamp"": 1752269628964}, {""key"": ""Shift"", ""timestamp"": 1752269628988}, {""key"": ""Shift"", ""timestamp"": 1752269629027}, {""key"": ""Shift"", ""timestamp"": 1752269629067}, {""key"": ""Shift"", ""timestamp"": 1752269629085}, {""key"": ""Shift"", ""timestamp"": 1752269629123}, {""key"": ""Shift"", ""timestamp"": 1752269629157}, {""key"": ""Shift"", ""timestamp"": 1752269629203}, {""key"": ""Shift"", ""timestamp"": 1752269629225}, {""key"": ""V"", ""timestamp"": 1752269629250}, {""key"": ""Backspace"", ""timestamp"": 1752269629938}, {""key"": ""v"", ""timestamp"": 1752269630102}, {""key"": ""b"", ""timestamp"": 1752269631377}, {""key"": ""i"", ""timestamp"": 1752269632586}, {""key"": ""w"", ""timestamp"": 1752269635461}, {""key"": ""Backspace"", ""timestamp"": 1752269635969}, {""key"": ""e"", ""timestamp"": 1752269639050}, {""key"": ""i"", ""timestamp"": 1752269640264}, {""key"": ""a"", ""timestamp"": 1752269640705}, {""key"": ""t"", ""timestamp"": 1752269642270}, {""key"": "" "", ""timestamp"": 1752269642611}, {""key"": ""k"", ""timestamp"": 1752269643092}, {""key"": ""w"", ""timestamp"": 1752269643595}, {""key"": "" "", ""timestamp"": 1752269643988}, {""key"": ""b"", ""timestamp"": 1752269644585}, {""key"": ""h"", ""timestamp"": 1752269645068}, {""key"": ""Backspace"", ""timestamp"": 1752269645576}, {""key"": ""o"", ""timestamp"": 1752269646092}, {""key"": ""i"", ""timestamp"": 1752269646442}, {""key"": ""Backspace"", ""timestamp"": 1752269646745}, {""key"": ""Backspace"", ""timestamp"": 1752269646936}, {""key"": ""Shift"", ""timestamp"": 1752269647329}, {""key"": ""H"", ""timestamp"": 1752269647431}, {""key"": ""i"", ""timestamp"": 1752269648133}, {""key"": "" "", ""timestamp"": 1752269648433}, {""key"": ""d"", ""timestamp"": 1752269648973}, {""key"": ""i"", ""timestamp"": 1752269649761}, {""key"": ""a"", ""timestamp"": 1752269650177}, {""key"": ""."", ""timestamp"": 1752269650796}]","[{""error_type"": ""omission"", ""input"": ""\u06cc"", ""target"": ""\u0646""}, {""error_type"": ""substitution"", ""input"": ""w"", ""target"": ""e""}]",0,2,2,0,1577.44444444444
14,1,crulp,"پٹریاں ممباسا سے کمپالا کی جانب جاتی ہیں۔",1752269652348.0,1752269680925.0,"[{""key"": ""p"", ""timestamp"": 1752269652348}, {""key"": ""Shift"", ""timestamp"": 1752269653311}, {""key"": ""T"", ""timestamp"": 1752269653453}, {""key"": ""r"", ""timestamp"": 1752269653945}, {""key"": ""i"", ""timestamp"": 1752269654766}, {""key"": ""a"", ""timestamp"": 1752269655087}, {""key"": ""Shift"", ""timestamp"": 1752269655635}, {""key"": ""N"", ""timestamp"": 1752269655869}, {""key"": "" "", ""timestamp"": 1752269656277}, {""key"": ""m"", ""timestamp"": 1752269656803}, {""key"": ""m"", ""timestamp"": 1752269657028}, {""key"": ""b"", ""timestamp"": 1752269657815}, {""key"": ""a"", ""timestamp"": 1752269658098}, {""key"": ""s"", ""timestamp"": 1752269658479}, {""key"": ""a"", ""timestamp"": 1752269658726}, {""key"": "" "", ""timestamp"": 1752269659098}, {""key"": ""s"", ""timestamp"": 1752269659402}, {""key"": ""e"", ""timestamp"": 1752269660132}, {""key"": ""Backspace"", ""timestamp"": 1752269660606}, {""key"": ""y"", ""timestamp"": 1752269661093}, {""key"": "" "", ""timestamp"": 1752269661354}, {""key"": ""k"", ""timestamp"": 1752269661867}, {""key"": ""m"", ""timestamp"": 1752269662326}, {""key"": ""p"", ""timestamp"": 1752269663272}, {""key"": ""a"", ""timestamp"": 1752269663768}, {""key"": ""l"", ""timestamp"": 1752269665274}, {""key"": ""a"", ""timestamp"": 1752269665600}, {""key"": "" "", ""timestamp"": 1752269666028}, {""key"": ""k"", ""timestamp"": 1752269666516}, {""key"": ""i"", ""timestamp"": 1752269666771}, {""key"": "" "", ""timestamp"": 1752269667175}, {""key"": ""j"", ""timestamp"": 1752269668676}, {""key"": ""a"", ""timestamp"": 1752269669455}, {""key"": ""n"", ""timestamp"": 1752269670100}, {""key"": ""b"", ""timestamp"": 1752269671001}, {""key"": "" "", ""timestamp"": 1752269671450}, {""key"": ""j"", ""timestamp"": 1752269673209}, {""key"": ""a"", ""timestamp"": 1752269673520}, {""key"": ""t"", ""timestamp"": 1752269674679}, {""key"": ""i"", ""timestamp"": 1752269675302}, {""key"": "" "", ""timestamp"": 1752269675646}, {""key"": ""h"", ""timestamp"": 1752269676174}, {""key"": ""Backspace"", ""timestamp"": 1752269676797}, {""key"": ""o"", ""timestamp"": 1752269677199}, {""key"": ""a"", ""timestamp"": 1752269677819}, {""key"": ""Backspace"", ""timestamp"": 1752269678369}, {""key"": ""i"", ""timestamp"": 1752269678634}, {""key"": ""Shift"", ""timestamp"": 1752269679019}, {""key"": ""N"", ""timestamp"": 1752269679124}, {""key"": "","", ""timestamp"": 1752269679752}, {""key"": ""Backspace"", ""timestamp"": 1752269680563}, {""key"": ""."", ""timestamp"": 1752269680923}]","[{""error_type"": ""omission"", ""input"": ""\u0645"", ""target"": ""\u0645""}, {""error_type"": ""transposition"", ""input"": ""\u0645\u0645"", ""target"": ""\u0645\u0645""}, {""error_type"": ""substitution"", ""input"": "","", ""target"": "".""}]",1,3,3,0,697.0
15,1,crulp,"نامیاتی کھادوں کے باعث پیدا ہونے والی آلودگی",1752269682521.0,1752269723000.0,"[{""key"": ""n"", ""timestamp"": 1752269682521}, {""key"": ""a"", ""timestamp"": 1752269683544}, {""key"": ""m"", ""timestamp"": 1752269683983}, {""key"": ""i"", ""timestamp"": 1752269684919}, {""key"": ""a"", ""timestamp"": 1752269685344}, {""key"": ""t"", ""timestamp"": 1752269686086}, {""key"": ""i"", ""timestamp"": 1752269686637}, {""key"": "" "", ""timestamp"": 1752269687087}, {""key"": ""k"", ""timestamp"": 1752269687685}, {""key"": ""o"", ""timestamp"": 1752269688576}, {""key"": ""Backspace"", ""timestamp"": 1752269689286}, {""key"": ""h"", ""timestamp"": 1752269689968}, {""key"": ""Shift"", ""timestamp"": 1752269690609}, {""key"": ""H"", ""timestamp"": 1752269690800}, {""key"": ""Backspace"", ""timestamp"": 1752269691407}, {""key"": ""Backspace"", ""timestamp"": 1752269691576}, {""key"": ""Shift"", ""timestamp"": 1752269691770}, {""key"": ""H"", ""timestamp"": 1752269691913}, {""key"": ""a"", ""timestamp"": 1752269692274}, {""key"": ""d"", ""timestamp"": 1752269692870}, {""key"": ""w"", ""timestamp"": 1752269693795}, {""key"": ""Shift"", ""timestamp"": 1752269694580}, {""key"": ""N"", ""timestamp"": 1752269694897}, {""key"": "" "", ""timestamp"": 1752269695390}, {""key"": ""k"", ""timestamp"": 1752269695730}, {""key"": ""e"", ""timestamp"": 1752269696639}, {""key"": ""Backspace"", ""timestamp"": 1752269697179}, {""key"": ""i"", ""timestamp"": 1752269697494}, {""key"": ""Backspace"", ""timestamp"": 1752269698048}, {""key"": ""y"", ""timestamp"": 1752269698765}, {""key"": "" "", ""timestamp"": 1752269699001}, {""key"": ""b"", ""timestamp"": 1752269699982}, {""key"": ""a"", ""timestamp"": 1752269700414}, {""key"": ""e"", ""timestamp"": 1752269702603}, {""key"": ""Shift"", ""timestamp"": 1752269705605}, {""key"": ""C"", ""timestamp"": 1752269705800}, {""key"": "" "", ""timestamp"": 1752269706393}, {""key"": ""p"", ""timestamp"": 1752269710585}, {""key"": ""i"", ""timestamp"": 1752269711243}, {""key"": ""d"", ""timestamp"": 1752269711764}, {""key"": ""a"", ""timestamp"": 1752269711897}, {""key"": "" "", ""timestamp"": 1752269712265}, {""key"": ""h"", ""timestamp"": 1752269713435}, {""key"": ""Backspace"", ""timestamp"": 1752269713954}, {""key"": ""o"", ""timestamp"": 1752269714313}, {""key"": ""w"", ""timestamp"": 1752269715282}, {""key"": ""n"", ""timestamp"": 1752269715755}, {""key"": ""i"", ""timestamp"": 1752269716271}, {""key"": ""Backspace"", ""timestamp"": 1752269716787}, {""key"": ""y"", ""timestamp"": 1752269717229}, {""key"": "" "", ""timestamp"": 1752269717486}, {""key"": ""w"", ""timestamp"": 1752269718184}, {""key"": ""a"", ""timestamp"": 1752269718465}, {""key"": ""l"", ""timestamp"": 1752269718757}, {""key"": ""i"", ""timestamp"": 1752269719145}, {""key"": "" "", ""timestamp"": 1752269719353}, {""key"": ""Shift"", ""timestamp"": 1752269719915}, {""key"": ""A"", ""timestamp"": 1752269720005}, {""key"": ""l"", ""timestamp"": 1752269720410}, {""key"": ""w"", ""timestamp"": 1752269721238}, {""key"": ""d"", ""timestamp"": 1752269721647}, {""key"": ""g"", ""timestamp"": 1752269722756}, {""key"": ""i"", ""timestamp"": 1752269722998}]","[{""error_type"": ""addidtion"", ""input"": ""\u06a9\u062d\u06be"", ""target"": ""\u06a9\u06be""}]",1,3,3,1,919.977272727273
16,1,crulp,"آج وہ یاد گار ایک کمرے کی شکل میں محفوظ ہے۔",1752269724069.0,1752269773518.0,"[{""key"": ""Shift"", ""timestamp"": 1752269724069}, {""key"": ""A"", ""timestamp"": 1752269724147}, {""key"": ""k"", ""timestamp"": 1752269724629}, {""key"": ""Backspace"", ""timestamp"": 1752269725202}, {""key"": ""j"", ""timestamp"": 1752269725551}, {""key"": "" "", ""timestamp"": 1752269725776}, {""key"": ""o"", ""timestamp"": 1752269727351}, {""key"": ""Backspace"", ""timestamp"": 1752269727948}, {""key"": ""w"", ""timestamp"": 1752269728712}, {""key"": ""o"", ""timestamp"": 1752269728994}, {""key"": "" "", ""timestamp"": 1752269729231}, {""key"": ""i"", ""timestamp"": 1752269730785}, {""key"": ""d"", ""timestamp"": 1752269731064}, {""key"": ""a"", ""timestamp"": 1752269731291}, {""key"": ""Backspace"", ""timestamp"": 1752269731774}, {""key"": ""Backspace"", ""timestamp"": 1752269731941}, {""key"": ""Backspace"", ""timestamp"": 1752269732133}, {""key"": ""i"", ""timestamp"": 1752269734272}, {""key"": ""a"", ""timestamp"": 1752269734526}, {""key"": ""d"", ""timestamp"": 1752269734907}, {""key"": "" "", ""timestamp"": 1752269735284}, {""key"": ""g"", ""timestamp"": 1752269735868}, {""key"": ""a"", ""timestamp"": 1752269736041}, {""key"": ""r"", ""timestamp"": 1752269736354}, {""key"": "" "", ""timestamp"": 1752269736583}, {""key"": ""a"", ""timestamp"": 1752269737195}, {""key"": ""i"", ""timestamp"": 1752269737522}, {""key"": ""k"", ""timestamp"": 1752269737993}, {""key"": "" "", ""timestamp"": 1752269738181}, {""key"": ""k"", ""timestamp"": 1752269738902}, {""key"": ""m"", ""timestamp"": 1752269739202}, {""key"": ""r"", ""timestamp"": 1752269739503}, {""key"": ""y"", ""timestamp"": 1752269741561}, {""key"": "" "", ""timestamp"": 1752269741870}, {""key"": ""k"", ""timestamp"": 1752269742262}, {""key"": ""i"", ""timestamp"": 1752269742584}, {""key"": "" "", ""timestamp"": 1752269742757}, {""key"": ""s"", ""timestamp"": 1752269743765}, {""key"": ""Backspace"", ""timestamp"": 1752269744339}, {""key"": ""x"", ""timestamp"": 1752269746489}, {""key"": ""k"", ""timestamp"": 1752269747130}, {""key"": ""l"", ""timestamp"": 1752269747457}, {""key"": "" "", ""timestamp"": 1752269747695}, {""key"": ""m"", ""timestamp"": 1752269748092}, {""key"": ""a"", ""timestamp"": 1752269748390}, {""key"": ""Backspace"", ""timestamp"": 1752269748773}, {""key"": ""i"", ""timestamp"": 1752269749009}, {""key"": ""Shift"", ""timestamp"": 1752269749278}, {""key"": ""N"", ""timestamp"": 1752269749383}, {""key"": "" "", ""timestamp"": 1752269749587}, {""key"": ""m"", ""timestamp"": 1752269750340}, {""key"": ""h"", ""timestamp"": 1752269751967}, {""key"": ""f"", ""timestamp"": 1752269752777}, {""key"": ""w"", ""timestamp"": 1752269753678}, {""key"": ""Shift"", ""timestamp"": 1752269755240}, {""key"": ""V"", ""timestamp"": 1752269755551}, {""key"": "" "", ""timestamp"": 1752269756069}, {""key"": ""h"", ""timestamp"": 1752269760979}, {""key"": ""Backspace"", ""timestamp"": 1752269761610}, {""key"": ""o"", ""timestamp"": 1752269762018}, {""key"": ""i"", ""timestamp"": 1752269771115}, {""key"": ""Backspace"", ""timestamp"": 1752269771666}, {""key"": ""y"", ""timestamp"": 1752269772576}, {""key"": ""."", ""timestamp"": 1752269773516}]","[{""error_type"": ""substitution"", ""input"": ""k"", ""target"": ""j""}, {""error_type"": ""omission"", ""input"": ""\u06c1"", ""target"": ""\u0648""}, {""error_type"": ""omission"", ""input"": ""\u062f"", ""target"": ""\u0627""}, {""error_type"": ""transposition"", ""input"": ""\u062f\u0627"", ""target"": ""\u0627\u062f""}, {""error_type"": ""addidtion"", ""input"": ""\u06cc\u062f\u0627"", ""target"": ""\u06cc\u0627""}, {""error_type"": ""substitution"", ""input"": ""s"", ""target"": ""x""}]",2,5,5,2,1149.97674418605
17,1,crulp,"تجارتی خسارہ ختم ہوا اور معاشی بہتری میں تسلسل آیا۔",1752269775307.0,1752269813168.0,"[{""key"": ""t"", ""timestamp"": 1752269775307}, {""key"": ""j"", ""timestamp"": 1752269776483}, {""key"": ""a"", ""timestamp"": 1752269776719}, {""key"": ""r"", ""timestamp"": 1752269777201}, {""key"": ""t"", ""timestamp"": 1752269777606}, {""key"": ""i"", ""timestamp"": 1752269778055}, {""key"": "" "", ""timestamp"": 1752269778360}, {""key"": ""Shift"", ""timestamp"": 1752269781499}, {""key"": ""K"", ""timestamp"": 1752269781596}, {""key"": ""s"", ""timestamp"": 1752269782276}, {""key"": ""a"", ""timestamp"": 1752269782636}, {""key"": ""r"", ""timestamp"": 1752269783073}, {""key"": ""o"", ""timestamp"": 1752269783896}, {""key"": "" "", ""timestamp"": 1752269784244}, {""key"": ""k"", ""timestamp"": 1752269784963}, {""key"": ""Backspace"", ""timestamp"": 1752269785773}, {""key"": ""k"", ""timestamp"": 1752269786349}, {""key"": ""Backspace"", ""timestamp"": 1752269787079}, {""key"": ""Shift"", ""timestamp"": 1752269787466}, {""key"": ""K"", ""timestamp"": 1752269787584}, {""key"": ""t"", ""timestamp"": 1752269788351}, {""key"": ""m"", ""timestamp"": 1752269788549}, {""key"": "" "", ""timestamp"": 1752269788703}, {""key"": ""o"", ""timestamp"": 1752269790255}, {""key"": ""w"", ""timestamp"": 1752269791320}, {""key"": ""a"", ""timestamp"": 1752269791736}, {""key"": "" "", ""timestamp"": 1752269792737}, {""key"": ""a"", ""timestamp"": 1752269793671}, {""key"": ""w"", ""timestamp"": 1752269794548}, {""key"": ""r"", ""timestamp"": 1752269794942}, {""key"": "" "", ""timestamp"": 1752269795189}, {""key"": ""m"", ""timestamp"": 1752269795697}, {""key"": ""e"", ""timestamp"": 1752269797171}, {""key"": ""a"", ""timestamp"": 1752269797945}, {""key"": ""x"", ""timestamp"": 1752269799544}, {""key"": ""i"", ""timestamp"": 1752269800257}, {""key"": "" "", ""timestamp"": 1752269800566}, {""key"": ""b"", ""timestamp"": 1752269801895}, {""key"": ""o"", ""timestamp"": 1752269803133}, {""key"": ""t"", ""timestamp"": 1752269803852}, {""key"": ""r"", ""timestamp"": 1752269804122}, {""key"": ""s"", ""timestamp"": 1752269804517}, {""key"": ""Backspace"", ""timestamp"": 1752269805015}, {""key"": ""i"", ""timestamp"": 1752269805336}, {""key"": "" "", ""timestamp"": 1752269805575}, {""key"": ""m"", ""timestamp"": 1752269805910}, {""key"": ""i"", ""timestamp"": 1752269806501}, {""key"": ""Shift"", ""timestamp"": 1752269807070}, {""key"": ""N"", ""timestamp"": 1752269807218}, {""key"": "" "", ""timestamp"": 1752269807508}, {""key"": ""t"", ""timestamp"": 1752269808369}, {""key"": ""s"", ""timestamp"": 1752269808613}, {""key"": ""l"", ""timestamp"": 1752269809096}, {""key"": ""s"", ""timestamp"": 1752269809444}, {""key"": ""l"", ""timestamp"": 1752269809736}, {""key"": "" "", ""timestamp"": 1752269810106}, {""key"": ""Shift"", ""timestamp"": 1752269810526}, {""key"": ""A"", ""timestamp"": 1752269810692}, {""key"": ""i"", ""timestamp"": 1752269811783}, {""key"": ""a"", ""timestamp"": 1752269812347}, {""key"": ""."", ""timestamp"": 1752269813167}]",[],2,5,5,2,742.372549019608
18,1,crulp,"ہم سب ان کے بارے میں جانتے ہیں",1752269814591.0,1752269841328.0,"[{""key"": ""o"", ""timestamp"": 1752269814591}, {""key"": ""m"", ""timestamp"": 1752269815135}, {""key"": "" "", ""timestamp"": 1752269815308}, {""key"": ""s"", ""timestamp"": 1752269815878}, {""key"": ""b"", ""timestamp"": 1752269816524}, {""key"": "" "", ""timestamp"": 1752269816781}, {""key"": ""a"", ""timestamp"": 1752269817396}, {""key"": ""Shift"", ""timestamp"": 1752269818289}, {""key"": ""n"", ""timestamp"": 1752269818673}, {""key"": "" "", ""timestamp"": 1752269818906}, {""key"": ""k"", ""timestamp"": 1752269819372}, {""key"": ""i"", ""timestamp"": 1752269820052}, {""key"": ""Backspace"", ""timestamp"": 1752269820571}, {""key"": ""e"", ""timestamp"": 1752269820742}, {""key"": ""Backspace"", ""timestamp"": 1752269821426}, {""key"": ""y"", ""timestamp"": 1752269825602}, {""key"": "" "", ""timestamp"": 1752269825972}, {""key"": ""b"", ""timestamp"": 1752269826569}, {""key"": ""a"", ""timestamp"": 1752269827447}, {""key"": ""r"", ""timestamp"": 1752269827857}, {""key"": ""y"", ""timestamp"": 1752269829656}, {""key"": "" "", ""timestamp"": 1752269830056}, {""key"": ""m"", ""timestamp"": 1752269830449}, {""key"": ""i"", ""timestamp"": 1752269831066}, {""key"": ""Shift"", ""timestamp"": 1752269831370}, {""key"": ""N"", ""timestamp"": 1752269831523}, {""key"": "" "", ""timestamp"": 1752269831928}, {""key"": ""j"", ""timestamp"": 1752269833396}, {""key"": ""a"", ""timestamp"": 1752269833750}, {""key"": ""n"", ""timestamp"": 1752269834272}, {""key"": ""t"", ""timestamp"": 1752269835015}, {""key"": ""i"", ""timestamp"": 1752269835596}, {""key"": ""Backspace"", ""timestamp"": 1752269836196}, {""key"": ""y"", ""timestamp"": 1752269837581}, {""key"": "" "", ""timestamp"": 1752269838266}, {""key"": ""h"", ""timestamp"": 1752269838716}, {""key"": ""Backspace"", ""timestamp"": 1752269839229}, {""key"": ""o"", ""timestamp"": 1752269839483}, {""key"": ""i"", ""timestamp"": 1752269840606}, {""key"": ""Shift"", ""timestamp"": 1752269841135}, {""key"": ""N"", ""timestamp"": 1752269841327}]",[],2,5,5,2,891.233333333333
19,1,crulp,"جناب یہ تو استعمال کریں گے تو پتا چلے گا",1752269844397.0,1752269898985.0,"[{""key"": ""j"", ""timestamp"": 1752269844397}, {""key"": ""a"", ""timestamp"": 1752269844799}, {""key"": ""Backspace"", ""timestamp"": 1752269845483}, {""key"": ""n"", ""timestamp"": 1752269846007}, {""key"": ""a"", ""timestamp"": 1752269846389}, {""key"": ""b"", ""timestamp"": 1752269847131}, {""key"": "" "", ""timestamp"": 1752269847548}, {""key"": ""o"", ""timestamp"": 1752269848601}, {""key"": ""Backspace"", ""timestamp"": 1752269849152}, {""key"": ""i"", ""timestamp"": 1752269849652}, {""key"": ""o"", ""timestamp"": 1752269850822}, {""key"": "" "", ""timestamp"": 1752269851204}, {""key"": ""t"", ""timestamp"": 1752269851755}, {""key"": ""w"", ""timestamp"": 1752269851980}, {""key"": "" "", ""timestamp"": 1752269852300}, {""key"": ""i"", ""timestamp"": 1752269853104}, {""key"": ""s"", ""timestamp"": 1752269853386}, {""key"": ""Backspace"", ""timestamp"": 1752269853736}, {""key"": ""Backspace"", ""timestamp"": 1752269853910}, {""key"": ""a"", ""timestamp"": 1752269856626}, {""key"": ""s"", ""timestamp"": 1752269856882}, {""key"": ""t"", ""timestamp"": 1752269872050}, {""key"": ""e"", ""timestamp"": 1752269873287}, {""key"": ""m"", ""timestamp"": 1752269873962}, {""key"": ""a"", ""timestamp"": 1752269874311}, {""key"": ""l"", ""timestamp"": 1752269874842}, {""key"": "" "", ""timestamp"": 1752269875292}, {""key"": ""l"", ""timestamp"": 1752269875706}, {""key"": ""Backspace"", ""timestamp"": 1752269876427}, {""key"": ""k"", ""timestamp"": 1752269877047}, {""key"": ""r"", ""timestamp"": 1752269878003}, {""key"": ""i"", ""timestamp"": 1752269878834}, {""key"": ""Shift"", ""timestamp"": 1752269879498}, {""key"": ""N"", ""timestamp"": 1752269879733}, {""key"": "" "", ""timestamp"": 1752269880150}, {""key"": ""g"", ""timestamp"": 1752269881156}, {""key"": ""e"", ""timestamp"": 1752269882468}, {""key"": ""Backspace"", ""timestamp"": 1752269883086}, {""key"": ""y"", ""timestamp"": 1752269883662}, {""key"": "" "", ""timestamp"": 1752269883931}, {""key"": ""t"", ""timestamp"": 1752269884660}, {""key"": ""w"", ""timestamp"": 1752269885093}, {""key"": "" "", ""timestamp"": 1752269885578}, {""key"": ""p"", ""timestamp"": 1752269886746}, {""key"": ""t"", ""timestamp"": 1752269888374}, {""key"": ""a"", ""timestamp"": 1752269888779}, {""key"": "" "", ""timestamp"": 1752269889362}, {""key"": ""c"", ""timestamp"": 1752269893718}, {""key"": ""l"", ""timestamp"": 1752269894561}, {""key"": ""e"", ""timestamp"": 1752269895956}, {""key"": ""Backspace"", ""timestamp"": 1752269896575}, {""key"": ""u"", ""timestamp"": 1752269896917}, {""key"": ""Backspace"", ""timestamp"": 1752269897564}, {""key"": ""y"", ""timestamp"": 1752269898009}, {""key"": "" "", ""timestamp"": 1752269898523}, {""key"": ""g"", ""timestamp"": 1752269898850}, {""key"": ""a"", ""timestamp"": 1752269898984}]","[{""error_type"": ""omission"", ""input"": ""\u0627"", ""target"": ""\u0646""}, {""error_type"": ""omission"", ""input"": ""\u06c1"", ""target"": ""\u06cc""}, {""error_type"": ""substitution"", ""input"": ""o"", ""target"": ""i""}, {""error_type"": ""substitution"", ""input"": ""l"", ""target"": ""k""}, {""error_type"": ""substitution"", ""input"": ""u"", ""target"": ""y""}]",2,7,8,2,1364.7
20,1,crulp,"اس شخص نے کہا ""میں نے آپ کو معاف کیا""۔",1752269900370.0,1752269951347.0,"[{""key"": ""i"", ""timestamp"": 1752269900370}, {""key"": ""s"", ""timestamp"": 1752269900506}, {""key"": "" "", ""timestamp"": 1752269900682}, {""key"": ""Backspace"", ""timestamp"": 1752269901065}, {""key"": ""Backspace"", ""timestamp"": 1752269901209}, {""key"": ""Backspace"", ""timestamp"": 1752269901369}, {""key"": ""a"", ""timestamp"": 1752269902778}, {""key"": ""s"", ""timestamp"": 1752269902897}, {""key"": "" "", ""timestamp"": 1752269903285}, {""key"": ""s"", ""timestamp"": 1752269903791}, {""key"": ""Backspace"", ""timestamp"": 1752269904294}, {""key"": ""x"", ""timestamp"": 1752269907186}, {""key"": ""k"", ""timestamp"": 1752269919382}, {""key"": ""Backspace"", ""timestamp"": 1752269920045}, {""key"": ""Shift"", ""timestamp"": 1752269920214}, {""key"": ""K"", ""timestamp"": 1752269920406}, {""key"": ""s"", ""timestamp"": 1752269924985}, {""key"": ""Backspace"", ""timestamp"": 1752269925681}, {""key"": ""Shift"", ""timestamp"": 1752269925827}, {""key"": ""S"", ""timestamp"": 1752269925925}, {""key"": "" "", ""timestamp"": 1752269926368}, {""key"": ""n"", ""timestamp"": 1752269926837}, {""key"": ""i"", ""timestamp"": 1752269927921}, {""key"": ""Backspace"", ""timestamp"": 1752269928312}, {""key"": ""e"", ""timestamp"": 1752269928541}, {""key"": ""Backspace"", ""timestamp"": 1752269929032}, {""key"": ""y"", ""timestamp"": 1752269929639}, {""key"": "" "", ""timestamp"": 1752269929943}, {""key"": ""k"", ""timestamp"": 1752269930460}, {""key"": ""o"", ""timestamp"": 1752269930911}, {""key"": ""a"", ""timestamp"": 1752269931588}, {""key"": "" "", ""timestamp"": 1752269932069}, {""key"": ""Shift"", ""timestamp"": 1752269932587}, {""key"": "":"", ""timestamp"": 1752269932690}, {""key"": ""Backspace"", ""timestamp"": 1752269933302}, {""key"": ""Shift"", ""timestamp"": 1752269933543}, {""key"": ""\"""", ""timestamp"": 1752269933880}, {""key"": ""m"", ""timestamp"": 1752269934750}, {""key"": ""i"", ""timestamp"": 1752269935548}, {""key"": ""Shift"", ""timestamp"": 1752269935932}, {""key"": ""N"", ""timestamp"": 1752269936041}, {""key"": "" "", ""timestamp"": 1752269936349}, {""key"": ""n"", ""timestamp"": 1752269937202}, {""key"": ""i"", ""timestamp"": 1752269937701}, {""key"": ""Backspace"", ""timestamp"": 1752269938121}, {""key"": ""y"", ""timestamp"": 1752269938622}, {""key"": "" "", ""timestamp"": 1752269938836}, {""key"": ""Shift"", ""timestamp"": 1752269939372}, {""key"": ""A"", ""timestamp"": 1752269939451}, {""key"": ""p"", ""timestamp"": 1752269939977}, {""key"": "" "", ""timestamp"": 1752269940169}, {""key"": ""k"", ""timestamp"": 1752269940811}, {""key"": ""e"", ""timestamp"": 1752269941204}, {""key"": ""Backspace"", ""timestamp"": 1752269941635}, {""key"": ""w"", ""timestamp"": 1752269941752}, {""key"": "" "", ""timestamp"": 1752269941935}, {""key"": ""m"", ""timestamp"": 1752269942748}, {""key"": ""e"", ""timestamp"": 1752269944369}, {""key"": ""a"", ""timestamp"": 1752269945243}, {""key"": ""f"", ""timestamp"": 1752269945772}, {""key"": "" "", ""timestamp"": 1752269946109}, {""key"": ""k"", ""timestamp"": 1752269946540}, {""key"": ""i"", ""timestamp"": 1752269946897}, {""key"": ""a"", ""timestamp"": 1752269947595}, {""key"": ""Shift"", ""timestamp"": 1752269948089}, {""key"": "":"", ""timestamp"": 1752269948215}, {""key"": ""Backspace"", ""timestamp"": 1752269948775}, {""key"": ""Shift"", ""timestamp"": 1752269948892}, {""key"": ""\"""", ""timestamp"": 1752269949169}, {""key"": ""/"", ""timestamp"": 1752269949912}, {""key"": ""Backspace"", ""timestamp"": 1752269950644}, {""key"": ""."", ""timestamp"": 1752269951346}]","[{""error_type"": ""substitution"", ""input"": ""s"", ""target"": ""x""}, {""error_type"": ""substitution"", ""input"": "":"", ""target"": ""\""""}, {""error_type"": ""substitution"", ""input"": ""e"", ""target"": ""w""}, {""error_type"": ""substitution"", ""input"": "":"", ""target"": ""\""""}, {""error_type"": ""substitution"", ""input"": ""/"", ""target"": "".""}]",2,7,13,2,1341.5
21,1,ime,"گھر کا آنگن حسین خوشیوں سے مہک جائے گا",1752269977566.0,1752270027403.0,"[{""key"": ""g"", ""timestamp"": 1752269977566}, {""key"": ""h"", ""timestamp"": 1752269977741}, {""key"": ""r"", ""timestamp"": 1752269978533}, {""key"": ""Backspace"", ""timestamp"": 1752269978994}, {""key"": ""Backspace"", ""timestamp"": 1752269979172}, {""key"": ""Backspace"", ""timestamp"": 1752269979342}, {""key"": ""g"", ""timestamp"": 1752269979999}, {""key"": ""h"", ""timestamp"": 1752269980134}, {""key"": ""r"", ""timestamp"": 1752269980379}, {""key"": ""Enter"", ""timestamp"": 1752269981321}, {""key"": "" "", ""timestamp"": 1752269981630}, {""key"": ""k"", ""timestamp"": 1752269982267}, {""key"": ""a"", ""timestamp"": 1752269982511}, {""key"": ""Enter"", ""timestamp"": 1752269983113}, {""key"": "" "", ""timestamp"": 1752269983404}, {""key"": ""a"", ""timestamp"": 1752269983540}, {""key"": ""a"", ""timestamp"": 1752269983966}, {""key"": ""n"", ""timestamp"": 1752269984248}, {""key"": ""g"", ""timestamp"": 1752269984674}, {""key"": ""n"", ""timestamp"": 1752269984889}, {""key"": ""Enter"", ""timestamp"": 1752269985496}, {""key"": "" "", ""timestamp"": 1752269986069}, {""key"": ""s"", ""timestamp"": 1752269986733}, {""key"": ""Backspace"", ""timestamp"": 1752269987139}, {""key"": ""h"", ""timestamp"": 1752269987578}, {""key"": ""s"", ""timestamp"": 1752269987806}, {""key"": ""i"", ""timestamp"": 1752269988011}, {""key"": ""Backspace"", ""timestamp"": 1752269989355}, {""key"": ""Backspace"", ""timestamp"": 1752269989508}, {""key"": ""u"", ""timestamp"": 1752269989941}, {""key"": ""s"", ""timestamp"": 1752269990088}, {""key"": ""i"", ""timestamp"": 1752269990327}, {""key"": ""Shift"", ""timestamp"": 1752269993280}, {""key"": ""O"", ""timestamp"": 1752269993439}, {""key"": ""Backspace"", ""timestamp"": 1752269993931}, {""key"": ""o"", ""timestamp"": 1752269994174}, {""key"": ""Shift"", ""timestamp"": 1752269994645}, {""key"": ""N"", ""timestamp"": 1752269994744}, {""key"": ""Backspace"", ""timestamp"": 1752269995820}, {""key"": ""Backspace"", ""timestamp"": 1752269996015}, {""key"": ""Backspace"", ""timestamp"": 1752269996205}, {""key"": ""Backspace"", ""timestamp"": 1752269996432}, {""key"": ""s"", ""timestamp"": 1752269997353}, {""key"": ""i"", ""timestamp"": 1752269998343}, {""key"": ""Shift"", ""timestamp"": 1752269998828}, {""key"": ""N"", ""timestamp"": 1752269999232}, {""key"": ""ArrowDown"", ""timestamp"": 1752270001260}, {""key"": ""Enter"", ""timestamp"": 1752270001549}, {""key"": "" "", ""timestamp"": 1752270002089}, {""key"": ""k"", ""timestamp"": 1752270006792}, {""key"": ""h"", ""timestamp"": 1752270007040}, {""key"": ""u"", ""timestamp"": 1752270007253}, {""key"": ""s"", ""timestamp"": 1752270007400}, {""key"": ""i"", ""timestamp"": 1752270007894}, {""key"": ""Backspace"", ""timestamp"": 1752270009779}, {""key"": ""h"", ""timestamp"": 1752270010113}, {""key"": ""i"", ""timestamp"": 1752270010409}, {""key"": ""Shift"", ""timestamp"": 1752270010869}, {""key"": ""O"", ""timestamp"": 1752270011177}, {""key"": ""n"", ""timestamp"": 1752270012498}, {""key"": "" "", ""timestamp"": 1752270013578}, {""key"": ""s"", ""timestamp"": 1752270014513}, {""key"": ""e"", ""timestamp"": 1752270014836}, {""key"": "" "", ""timestamp"": 1752270015161}, {""key"": ""m"", ""timestamp"": 1752270016310}, {""key"": ""h"", ""timestamp"": 1752270017092}, {""key"": ""k"", ""timestamp"": 1752270017378}, {""key"": "" "", ""timestamp"": 1752270018335}, {""key"": ""j"", ""timestamp"": 1752270019595}, {""key"": ""e"", ""timestamp"": 1752270019909}, {""key"": ""Backspace"", ""timestamp"": 1752270020686}, {""key"": ""a"", ""timestamp"": 1752270020778}, {""key"": ""i"", ""timestamp"": 1752270020935}, {""key"": ""e"", ""timestamp"": 1752270023252}, {""key"": ""Enter"", ""timestamp"": 1752270024098}, {""key"": ""g"", ""timestamp"": 1752270025085}, {""key"": ""a"", ""timestamp"": 1752270025182}, {""key"": ""Backspace"", ""timestamp"": 1752270025584}, {""key"": ""Backspace"", ""timestamp"": 1752270025829}, {""key"": "" "", ""timestamp"": 1752270026257}, {""key"": ""g"", ""timestamp"": 1752270026727}, {""key"": ""a"", ""timestamp"": 1752270026785}, {""key"": ""Enter"", ""timestamp"": 1752270027403}]",[],0,0,0,0,1311.5
22,1,ime,"جو ظلم تو سہتا ہے بغاوت نہیں کرتا",1752270029370.0,1752270057363.0,"[{""key"": ""j"", ""timestamp"": 1752270029370}, {""key"": ""o"", ""timestamp"": 1752270029567}, {""key"": "" "", ""timestamp"": 1752270029991}, {""key"": ""z"", ""timestamp"": 1752270031151}, {""key"": ""l"", ""timestamp"": 1752270031724}, {""key"": ""m"", ""timestamp"": 1752270031958}, {""key"": "" "", ""timestamp"": 1752270032172}, {""key"": ""t"", ""timestamp"": 1752270034164}, {""key"": ""w"", ""timestamp"": 1752270034347}, {""key"": "" "", ""timestamp"": 1752270035299}, {""key"": ""s"", ""timestamp"": 1752270036065}, {""key"": ""o"", ""timestamp"": 1752270036960}, {""key"": ""t"", ""timestamp"": 1752270037748}, {""key"": ""a"", ""timestamp"": 1752270037903}, {""key"": ""Backspace"", ""timestamp"": 1752270039274}, {""key"": ""Backspace"", ""timestamp"": 1752270039464}, {""key"": ""Backspace"", ""timestamp"": 1752270040689}, {""key"": ""h"", ""timestamp"": 1752270041003}, {""key"": ""Backspace"", ""timestamp"": 1752270041914}, {""key"": ""e"", ""timestamp"": 1752270044187}, {""key"": ""h"", ""timestamp"": 1752270044310}, {""key"": ""t"", ""timestamp"": 1752270044529}, {""key"": ""a"", ""timestamp"": 1752270044643}, {""key"": "" "", ""timestamp"": 1752270045336}, {""key"": ""h"", ""timestamp"": 1752270046140}, {""key"": ""e"", ""timestamp"": 1752270046348}, {""key"": "" "", ""timestamp"": 1752270046903}, {""key"": ""b"", ""timestamp"": 1752270048419}, {""key"": ""g"", ""timestamp"": 1752270049307}, {""key"": ""h"", ""timestamp"": 1752270049565}, {""key"": ""a"", ""timestamp"": 1752270049790}, {""key"": ""w"", ""timestamp"": 1752270050537}, {""key"": ""t"", ""timestamp"": 1752270050915}, {""key"": "" "", ""timestamp"": 1752270052311}, {""key"": ""n"", ""timestamp"": 1752270053706}, {""key"": ""a"", ""timestamp"": 1752270053878}, {""key"": ""h"", ""timestamp"": 1752270054087}, {""key"": ""i"", ""timestamp"": 1752270054210}, {""key"": "" "", ""timestamp"": 1752270054515}, {""key"": ""k"", ""timestamp"": 1752270055395}, {""key"": ""r"", ""timestamp"": 1752270055561}, {""key"": ""a"", ""timestamp"": 1752270055702}, {""key"": ""Backspace"", ""timestamp"": 1752270056089}, {""key"": ""t"", ""timestamp"": 1752270056697}, {""key"": ""a"", ""timestamp"": 1752270056789}, {""key"": "" "", ""timestamp"": 1752270057363}]",[],0,0,0,0,848.272727272727
23,1,ime,"پروفیسر کے سیکرٹری نے سیاہ پکھراج کو تجوری میں رکھوا دیا۔",1752270060028.0,1752270108599.0,"[{""key"": ""p"", ""timestamp"": 1752270060028}, {""key"": ""r"", ""timestamp"": 1752270060353}, {""key"": ""o"", ""timestamp"": 1752270060567}, {""key"": ""f"", ""timestamp"": 1752270060750}, {""key"": ""e"", ""timestamp"": 1752270060898}, {""key"": ""s"", ""timestamp"": 1752270061086}, {""key"": ""s"", ""timestamp"": 1752270061253}, {""key"": ""r"", ""timestamp"": 1752270061524}, {""key"": ""o"", ""timestamp"": 1752270061693}, {""key"": ""Backspace"", ""timestamp"": 1752270062390}, {""key"": ""Backspace"", ""timestamp"": 1752270062558}, {""key"": ""o"", ""timestamp"": 1752270062796}, {""key"": ""r"", ""timestamp"": 1752270062911}, {""key"": "" "", ""timestamp"": 1752270063604}, {""key"": ""k"", ""timestamp"": 1752270064846}, {""key"": ""e"", ""timestamp"": 1752270064977}, {""key"": "" "", ""timestamp"": 1752270065137}, {""key"": ""s"", ""timestamp"": 1752270066193}, {""key"": ""e"", ""timestamp"": 1752270067903}, {""key"": ""c"", ""timestamp"": 1752270068244}, {""key"": ""r"", ""timestamp"": 1752270069385}, {""key"": ""e"", ""timestamp"": 1752270069523}, {""key"": ""t"", ""timestamp"": 1752270069761}, {""key"": ""a"", ""timestamp"": 1752270069904}, {""key"": ""r"", ""timestamp"": 1752270070119}, {""key"": ""y"", ""timestamp"": 1752270070373}, {""key"": "" "", ""timestamp"": 1752270071092}, {""key"": ""n"", ""timestamp"": 1752270071964}, {""key"": ""e"", ""timestamp"": 1752270072090}, {""key"": "" "", ""timestamp"": 1752270072245}, {""key"": ""s"", ""timestamp"": 1752270073539}, {""key"": ""i"", ""timestamp"": 1752270073741}, {""key"": ""a"", ""timestamp"": 1752270074208}, {""key"": ""h"", ""timestamp"": 1752270074532}, {""key"": ""ArrowRight"", ""timestamp"": 1752270075847}, {""key"": ""ArrowDown"", ""timestamp"": 1752270076813}, {""key"": ""Enter"", ""timestamp"": 1752270077231}, {""key"": "" "", ""timestamp"": 1752270077646}, {""key"": ""p"", ""timestamp"": 1752270080165}, {""key"": ""u"", ""timestamp"": 1752270080540}, {""key"": ""k"", ""timestamp"": 1752270080919}, {""key"": ""h"", ""timestamp"": 1752270081109}, {""key"": ""m"", ""timestamp"": 1752270081433}, {""key"": ""o"", ""timestamp"": 1752270081640}, {""key"": ""Backspace"", ""timestamp"": 1752270082369}, {""key"": ""Backspace"", ""timestamp"": 1752270082539}, {""key"": ""r"", ""timestamp"": 1752270083461}, {""key"": ""a"", ""timestamp"": 1752270083546}, {""key"": ""h"", ""timestamp"": 1752270084195}, {""key"": ""Backspace"", ""timestamp"": 1752270086870}, {""key"": ""Backspace"", ""timestamp"": 1752270087106}, {""key"": ""a"", ""timestamp"": 1752270088729}, {""key"": ""j"", ""timestamp"": 1752270090167}, {""key"": ""ArrowRight"", ""timestamp"": 1752270091575}, {""key"": ""Enter"", ""timestamp"": 1752270092073}, {""key"": "" "", ""timestamp"": 1752270092663}, {""key"": ""k"", ""timestamp"": 1752270093198}, {""key"": ""o"", ""timestamp"": 1752270093367}, {""key"": "" "", ""timestamp"": 1752270093922}, {""key"": ""t"", ""timestamp"": 1752270094790}, {""key"": ""j"", ""timestamp"": 1752270095795}, {""key"": ""o"", ""timestamp"": 1752270096129}, {""key"": ""r"", ""timestamp"": 1752270096354}, {""key"": ""i"", ""timestamp"": 1752270096464}, {""key"": "" "", ""timestamp"": 1752270096860}, {""key"": ""m"", ""timestamp"": 1752270097389}, {""key"": ""a"", ""timestamp"": 1752270097543}, {""key"": ""i"", ""timestamp"": 1752270097649}, {""key"": ""n"", ""timestamp"": 1752270097782}, {""key"": "" "", ""timestamp"": 1752270097928}, {""key"": ""k"", ""timestamp"": 1752270098359}, {""key"": ""k"", ""timestamp"": 1752270099470}, {""key"": ""h"", ""timestamp"": 1752270099754}, {""key"": ""w"", ""timestamp"": 1752270100168}, {""key"": ""a"", ""timestamp"": 1752270100269}, {""key"": ""Backspace"", ""timestamp"": 1752270100980}, {""key"": ""Backspace"", ""timestamp"": 1752270101159}, {""key"": ""Backspace"", ""timestamp"": 1752270101307}, {""key"": ""Backspace"", ""timestamp"": 1752270101450}, {""key"": ""Backspace"", ""timestamp"": 1752270102192}, {""key"": ""r"", ""timestamp"": 1752270102384}, {""key"": ""u"", ""timestamp"": 1752270102576}, {""key"": ""k"", ""timestamp"": 1752270103133}, {""key"": ""h"", ""timestamp"": 1752270103352}, {""key"": ""w"", ""timestamp"": 1752270103625}, {""key"": ""a"", ""timestamp"": 1752270103689}, {""key"": "" "", ""timestamp"": 1752270105398}, {""key"": ""d"", ""timestamp"": 1752270106221}, {""key"": ""i"", ""timestamp"": 1752270106456}, {""key"": ""a"", ""timestamp"": 1752270106636}, {""key"": ""Enter"", ""timestamp"": 1752270107919}, {""key"": ""."", ""timestamp"": 1752270108598}]",[],0,0,0,0,852.122807017544
24,1,ime,"انہوں نے ایلیاڈ اور اوڈیسی جیسی شاہکار رزمیہ نظمیں لکھیں تھیں۔",1752270114379.0,1752270250897.0,"[{""key"": ""i"", ""timestamp"": 1752270114379}, {""key"": ""n"", ""timestamp"": 1752270114635}, {""key"": ""h"", ""timestamp"": 1752270115300}, {""key"": ""o"", ""timestamp"": 1752270115515}, {""key"": ""n"", ""timestamp"": 1752270115704}, {""key"": "" "", ""timestamp"": 1752270115985}, {""key"": ""n"", ""timestamp"": 1752270116650}, {""key"": ""e"", ""timestamp"": 1752270116807}, {""key"": "" "", ""timestamp"": 1752270117060}, {""key"": ""i"", ""timestamp"": 1752270118656}, {""key"": ""l"", ""timestamp"": 1752270118911}, {""key"": ""l"", ""timestamp"": 1752270119563}, {""key"": ""i"", ""timestamp"": 1752270121453}, {""key"": ""y"", ""timestamp"": 1752270122106}, {""key"": ""a"", ""timestamp"": 1752270122286}, {""key"": ""d"", ""timestamp"": 1752270122623}, {""key"": ""Backspace"", ""timestamp"": 1752270128282}, {""key"": ""Backspace"", ""timestamp"": 1752270128487}, {""key"": ""Backspace"", ""timestamp"": 1752270128654}, {""key"": ""Backspace"", ""timestamp"": 1752270128810}, {""key"": ""Backspace"", ""timestamp"": 1752270128970}, {""key"": ""Backspace"", ""timestamp"": 1752270129452}, {""key"": ""e"", ""timestamp"": 1752270129655}, {""key"": ""l"", ""timestamp"": 1752270129909}, {""key"": ""i"", ""timestamp"": 1752270130127}, {""key"": ""y"", ""timestamp"": 1752270132748}, {""key"": ""a"", ""timestamp"": 1752270132930}, {""key"": ""d"", ""timestamp"": 1752270133292}, {""key"": ""ArrowDown"", ""timestamp"": 1752270136151}, {""key"": ""ArrowDown"", ""timestamp"": 1752270136349}, {""key"": ""Enter"", ""timestamp"": 1752270138181}, {""key"": ""Backspace"", ""timestamp"": 1752270138642}, {""key"": ""Backspace"", ""timestamp"": 1752270139086}, {""key"": ""Backspace"", ""timestamp"": 1752270139273}, {""key"": ""Backspace"", ""timestamp"": 1752270139445}, {""key"": ""Backspace"", ""timestamp"": 1752270139626}, {""key"": ""Backspace"", ""timestamp"": 1752270139848}, {""key"": ""a"", ""timestamp"": 1752270140308}, {""key"": ""Enter"", ""timestamp"": 1752270141219}, {""key"": ""i"", ""timestamp"": 1752270142333}, {""key"": ""l"", ""timestamp"": 1752270142613}, {""key"": ""i"", ""timestamp"": 1752270143526}, {""key"": ""a"", ""timestamp"": 1752270143773}, {""key"": ""a"", ""timestamp"": 1752270145655}, {""key"": ""Backspace"", ""timestamp"": 1752270149534}, {""key"": ""Backspace"", ""timestamp"": 1752270149752}, {""key"": ""Backspace"", ""timestamp"": 1752270149930}, {""key"": ""Backspace"", ""timestamp"": 1752270150102}, {""key"": ""Backspace"", ""timestamp"": 1752270150252}, {""key"": ""e"", ""timestamp"": 1752270152941}, {""key"": ""y"", ""timestamp"": 1752270153065}, {""key"": ""l"", ""timestamp"": 1752270154812}, {""key"": ""i"", ""timestamp"": 1752270155115}, {""key"": ""y"", ""timestamp"": 1752270157712}, {""key"": ""a"", ""timestamp"": 1752270157917}, {""key"": ""Enter"", ""timestamp"": 1752270159331}, {""key"": ""d"", ""timestamp"": 1752270160494}, {""key"": ""ArrowDown"", ""timestamp"": 1752270161438}, {""key"": ""Enter"", ""timestamp"": 1752270161818}, {""key"": "" "", ""timestamp"": 1752270162258}, {""key"": ""a"", ""timestamp"": 1752270162776}, {""key"": ""u"", ""timestamp"": 1752270163392}, {""key"": ""e"", ""timestamp"": 1752270163550}, {""key"": ""Backspace"", ""timestamp"": 1752270163887}, {""key"": ""r"", ""timestamp"": 1752270164113}, {""key"": "" "", ""timestamp"": 1752270164849}, {""key"": ""a"", ""timestamp"": 1752270166476}, {""key"": ""w"", ""timestamp"": 1752270166790}, {""key"": ""d"", ""timestamp"": 1752270168241}, {""key"": ""e"", ""timestamp"": 1752270168421}, {""key"": ""s"", ""timestamp"": 1752270168591}, {""key"": ""s"", ""timestamp"": 1752270168815}, {""key"": ""Backspace"", ""timestamp"": 1752270169402}, {""key"": ""Backspace"", ""timestamp"": 1752270169897}, {""key"": ""Backspace"", ""timestamp"": 1752270169939}, {""key"": ""Backspace"", ""timestamp"": 1752270169966}, {""key"": ""Backspace"", ""timestamp"": 1752270169994}, {""key"": ""Backspace"", ""timestamp"": 1752270170028}, {""key"": ""Backspace"", ""timestamp"": 1752270170064}, {""key"": ""o"", ""timestamp"": 1752270170392}, {""key"": ""d"", ""timestamp"": 1752270170584}, {""key"": ""e"", ""timestamp"": 1752270170818}, {""key"": ""s"", ""timestamp"": 1752270171020}, {""key"": ""s"", ""timestamp"": 1752270171181}, {""key"": ""y"", ""timestamp"": 1752270171412}, {""key"": ""Backspace"", ""timestamp"": 1752270174283}, {""key"": ""Backspace"", ""timestamp"": 1752270174488}, {""key"": ""Backspace"", ""timestamp"": 1752270174670}, {""key"": ""Backspace"", ""timestamp"": 1752270175205}, {""key"": ""d"", ""timestamp"": 1752270175321}, {""key"": ""e"", ""timestamp"": 1752270175569}, {""key"": ""s"", ""timestamp"": 1752270175772}, {""key"": ""s"", ""timestamp"": 1752270175960}, {""key"": ""y"", ""timestamp"": 1752270176188}, {""key"": "" "", ""timestamp"": 1752270176420}, {""key"": ""Backspace"", ""timestamp"": 1752270177085}, {""key"": ""Backspace"", ""timestamp"": 1752270177277}, {""key"": ""Backspace"", ""timestamp"": 1752270177433}, {""key"": ""Backspace"", ""timestamp"": 1752270177595}, {""key"": ""Backspace"", ""timestamp"": 1752270177737}, {""key"": ""Backspace"", ""timestamp"": 1752270177895}, {""key"": ""Backspace"", ""timestamp"": 1752270178085}, {""key"": "" "", ""timestamp"": 1752270178799}, {""key"": ""a"", ""timestamp"": 1752270179607}, {""key"": ""w"", ""timestamp"": 1752270180527}, {""key"": ""e"", ""timestamp"": 1752270180754}, {""key"": ""Backspace"", ""timestamp"": 1752270181100}, {""key"": ""d"", ""timestamp"": 1752270181247}, {""key"": ""Backspace"", ""timestamp"": 1752270185927}, {""key"": ""Backspace"", ""timestamp"": 1752270186138}, {""key"": ""Backspace"", ""timestamp"": 1752270186308}, {""key"": ""Shift"", ""timestamp"": 1752270187248}, {""key"": ""O"", ""timestamp"": 1752270187346}, {""key"": ""d"", ""timestamp"": 1752270187569}, {""key"": ""e"", ""timestamp"": 1752270187783}, {""key"": ""s"", ""timestamp"": 1752270188020}, {""key"": ""s"", ""timestamp"": 1752270188199}, {""key"": ""y"", ""timestamp"": 1752270188446}, {""key"": ""Backspace"", ""timestamp"": 1752270190798}, {""key"": ""Backspace"", ""timestamp"": 1752270190958}, {""key"": ""Backspace"", ""timestamp"": 1752270191116}, {""key"": ""Backspace"", ""timestamp"": 1752270191293}, {""key"": ""Backspace"", ""timestamp"": 1752270191485}, {""key"": ""Backspace"", ""timestamp"": 1752270191682}, {""key"": ""a"", ""timestamp"": 1752270191993}, {""key"": ""Enter"", ""timestamp"": 1752270192430}, {""key"": ""w"", ""timestamp"": 1752270193263}, {""key"": ""ArrowDown"", ""timestamp"": 1752270195092}, {""key"": ""ArrowUp"", ""timestamp"": 1752270196058}, {""key"": ""Enter"", ""timestamp"": 1752270196615}, {""key"": ""d"", ""timestamp"": 1752270197031}, {""key"": ""ArrowDown"", ""timestamp"": 1752270197924}, {""key"": ""Enter"", ""timestamp"": 1752270198291}, {""key"": ""i"", ""timestamp"": 1752270199024}, {""key"": ""ArrowDown"", ""timestamp"": 1752270200176}, {""key"": ""Enter"", ""timestamp"": 1752270200621}, {""key"": ""s"", ""timestamp"": 1752270201116}, {""key"": ""i"", ""timestamp"": 1752270202004}, {""key"": ""Enter"", ""timestamp"": 1752270202905}, {""key"": "" "", ""timestamp"": 1752270203389}, {""key"": ""j"", ""timestamp"": 1752270204514}, {""key"": ""i"", ""timestamp"": 1752270205570}, {""key"": ""s"", ""timestamp"": 1752270205853}, {""key"": ""i"", ""timestamp"": 1752270206605}, {""key"": "" "", ""timestamp"": 1752270207920}, {""key"": ""s"", ""timestamp"": 1752270208962}, {""key"": ""h"", ""timestamp"": 1752270209099}, {""key"": ""a"", ""timestamp"": 1752270210654}, {""key"": ""h"", ""timestamp"": 1752270211904}, {""key"": ""k"", ""timestamp"": 1752270213243}, {""key"": ""a"", ""timestamp"": 1752270213535}, {""key"": ""r"", ""timestamp"": 1752270216830}, {""key"": ""ArrowDown"", ""timestamp"": 1752270219276}, {""key"": ""Enter"", ""timestamp"": 1752270219612}, {""key"": "" "", ""timestamp"": 1752270220071}, {""key"": ""r"", ""timestamp"": 1752270221353}, {""key"": ""z"", ""timestamp"": 1752270222377}, {""key"": ""n"", ""timestamp"": 1752270223425}, {""key"": ""i"", ""timestamp"": 1752270226974}, {""key"": ""h"", ""timestamp"": 1752270227455}, {""key"": ""Backspace"", ""timestamp"": 1752270231849}, {""key"": ""Backspace"", ""timestamp"": 1752270232075}, {""key"": ""Backspace"", ""timestamp"": 1752270232266}, {""key"": ""Backspace"", ""timestamp"": 1752270232471}, {""key"": ""z"", ""timestamp"": 1752270234842}, {""key"": ""m"", ""timestamp"": 1752270235444}, {""key"": ""i"", ""timestamp"": 1752270235722}, {""key"": ""a"", ""timestamp"": 1752270236013}, {""key"": ""h"", ""timestamp"": 1752270236203}, {""key"": ""Enter"", ""timestamp"": 1752270236980}, {""key"": "" "", ""timestamp"": 1752270237475}, {""key"": ""n"", ""timestamp"": 1752270237954}, {""key"": ""z"", ""timestamp"": 1752270238671}, {""key"": ""m"", ""timestamp"": 1752270239041}, {""key"": ""a"", ""timestamp"": 1752270239219}, {""key"": ""i"", ""timestamp"": 1752270239417}, {""key"": ""n"", ""timestamp"": 1752270239849}, {""key"": "" "", ""timestamp"": 1752270241378}, {""key"": ""l"", ""timestamp"": 1752270242324}, {""key"": ""k"", ""timestamp"": 1752270243223}, {""key"": ""h"", ""timestamp"": 1752270243584}, {""key"": ""i"", ""timestamp"": 1752270243847}, {""key"": ""Shift"", ""timestamp"": 1752270244237}, {""key"": ""N"", ""timestamp"": 1752270244349}, {""key"": "" "", ""timestamp"": 1752270245090}, {""key"": ""t"", ""timestamp"": 1752270246049}, {""key"": ""h"", ""timestamp"": 1752270246819}, {""key"": ""i"", ""timestamp"": 1752270246982}, {""key"": ""Shift"", ""timestamp"": 1752270248432}, {""key"": ""N"", ""timestamp"": 1752270248568}, {""key"": "" "", ""timestamp"": 1752270249752}, {""key"": ""Backspace"", ""timestamp"": 1752270250443}, {""key"": ""."", ""timestamp"": 1752270250897}]",[],0,0,0,0,2201.90322580645
25,1,ime,"جس سے ساری کہانی میں مزہ پیدا ہوتا ہے۔",1752270253517.0,1752270279114.0,"[{""key"": ""j"", ""timestamp"": 1752270253517}, {""key"": ""s"", ""timestamp"": 1752270253663}, {""key"": "" "", ""timestamp"": 1752270253877}, {""key"": ""s"", ""timestamp"": 1752270254850}, {""key"": ""e"", ""timestamp"": 1752270255021}, {""key"": "" "", ""timestamp"": 1752270255397}, {""key"": ""s"", ""timestamp"": 1752270256141}, {""key"": ""a"", ""timestamp"": 1752270256501}, {""key"": ""r"", ""timestamp"": 1752270256949}, {""key"": ""i"", ""timestamp"": 1752270257230}, {""key"": "" "", ""timestamp"": 1752270257713}, {""key"": ""Backspace"", ""timestamp"": 1752270258535}, {""key"": ""Backspace"", ""timestamp"": 1752270258725}, {""key"": ""Backspace"", ""timestamp"": 1752270258939}, {""key"": ""a"", ""timestamp"": 1752270260127}, {""key"": ""r"", ""timestamp"": 1752270260459}, {""key"": ""i"", ""timestamp"": 1752270260763}, {""key"": "" "", ""timestamp"": 1752270261370}, {""key"": ""k"", ""timestamp"": 1752270262293}, {""key"": ""h"", ""timestamp"": 1752270262599}, {""key"": ""a"", ""timestamp"": 1752270262788}, {""key"": ""n"", ""timestamp"": 1752270263383}, {""key"": ""i"", ""timestamp"": 1752270263603}, {""key"": "" "", ""timestamp"": 1752270264260}, {""key"": ""m"", ""timestamp"": 1752270265025}, {""key"": ""a"", ""timestamp"": 1752270265152}, {""key"": ""i"", ""timestamp"": 1752270265278}, {""key"": ""n"", ""timestamp"": 1752270265408}, {""key"": "" "", ""timestamp"": 1752270265656}, {""key"": ""m"", ""timestamp"": 1752270266534}, {""key"": ""z"", ""timestamp"": 1752270267064}, {""key"": ""o"", ""timestamp"": 1752270267963}, {""key"": ""Backspace"", ""timestamp"": 1752270269222}, {""key"": ""h"", ""timestamp"": 1752270269550}, {""key"": "" "", ""timestamp"": 1752270270437}, {""key"": ""p"", ""timestamp"": 1752270271545}, {""key"": ""a"", ""timestamp"": 1752270271688}, {""key"": ""i"", ""timestamp"": 1752270272349}, {""key"": ""d"", ""timestamp"": 1752270272710}, {""key"": ""a"", ""timestamp"": 1752270272812}, {""key"": "" "", ""timestamp"": 1752270273823}, {""key"": ""h"", ""timestamp"": 1752270274464}, {""key"": ""Backspace"", ""timestamp"": 1752270275614}, {""key"": ""h"", ""timestamp"": 1752270276075}, {""key"": ""o"", ""timestamp"": 1752270276357}, {""key"": ""t"", ""timestamp"": 1752270276629}, {""key"": ""a"", ""timestamp"": 1752270276705}, {""key"": "" "", ""timestamp"": 1752270276985}, {""key"": ""h"", ""timestamp"": 1752270277729}, {""key"": ""e"", ""timestamp"": 1752270277887}, {""key"": ""Enter"", ""timestamp"": 1752270278617}, {""key"": ""."", ""timestamp"": 1752270279113}]",[],0,0,0,0,673.605263157895
26,1,ime,"ہم اپنے آپ کو محفوظ سمجھیں یا قیدی",1752270280182.0,1752270309297.0,"[{""key"": ""h"", ""timestamp"": 1752270280182}, {""key"": ""u"", ""timestamp"": 1752270280472}, {""key"": ""m"", ""timestamp"": 1752270280744}, {""key"": "" "", ""timestamp"": 1752270280963}, {""key"": ""a"", ""timestamp"": 1752270281856}, {""key"": ""p"", ""timestamp"": 1752270282488}, {""key"": ""n"", ""timestamp"": 1752270283502}, {""key"": ""i"", ""timestamp"": 1752270283703}, {""key"": "" "", ""timestamp"": 1752270283949}, {""key"": ""Backspace"", ""timestamp"": 1752270284728}, {""key"": ""Backspace"", ""timestamp"": 1752270284895}, {""key"": ""Backspace"", ""timestamp"": 1752270285085}, {""key"": ""Backspace"", ""timestamp"": 1752270285546}, {""key"": ""Backspace"", ""timestamp"": 1752270285806}, {""key"": ""a"", ""timestamp"": 1752270286525}, {""key"": ""p"", ""timestamp"": 1752270286876}, {""key"": ""n"", ""timestamp"": 1752270287121}, {""key"": ""i"", ""timestamp"": 1752270287279}, {""key"": "" "", ""timestamp"": 1752270288134}, {""key"": ""Backspace"", ""timestamp"": 1752270288786}, {""key"": ""Backspace"", ""timestamp"": 1752270288943}, {""key"": ""Backspace"", ""timestamp"": 1752270289078}, {""key"": ""Backspace"", ""timestamp"": 1752270289562}, {""key"": ""p"", ""timestamp"": 1752270290833}, {""key"": ""n"", ""timestamp"": 1752270291139}, {""key"": ""e"", ""timestamp"": 1752270291880}, {""key"": "" "", ""timestamp"": 1752270292533}, {""key"": ""a"", ""timestamp"": 1752270293557}, {""key"": ""a"", ""timestamp"": 1752270293786}, {""key"": ""p"", ""timestamp"": 1752270293995}, {""key"": "" "", ""timestamp"": 1752270294402}, {""key"": ""k"", ""timestamp"": 1752270295283}, {""key"": ""o"", ""timestamp"": 1752270295401}, {""key"": "" "", ""timestamp"": 1752270295549}, {""key"": ""m"", ""timestamp"": 1752270296399}, {""key"": ""h"", ""timestamp"": 1752270297138}, {""key"": ""f"", ""timestamp"": 1752270297500}, {""key"": ""o"", ""timestamp"": 1752270297628}, {""key"": ""o"", ""timestamp"": 1752270297786}, {""key"": ""z"", ""timestamp"": 1752270297898}, {""key"": "" "", ""timestamp"": 1752270298271}, {""key"": ""m"", ""timestamp"": 1752270299227}, {""key"": ""Backspace"", ""timestamp"": 1752270300553}, {""key"": ""s"", ""timestamp"": 1752270300714}, {""key"": ""u"", ""timestamp"": 1752270301084}, {""key"": ""m"", ""timestamp"": 1752270301341}, {""key"": ""j"", ""timestamp"": 1752270302816}, {""key"": ""h"", ""timestamp"": 1752270303324}, {""key"": ""a"", ""timestamp"": 1752270303582}, {""key"": ""i"", ""timestamp"": 1752270303759}, {""key"": ""n"", ""timestamp"": 1752270303919}, {""key"": "" "", ""timestamp"": 1752270304391}, {""key"": ""y"", ""timestamp"": 1752270305381}, {""key"": ""a"", ""timestamp"": 1752270305509}, {""key"": "" "", ""timestamp"": 1752270305763}, {""key"": ""q"", ""timestamp"": 1752270307000}, {""key"": ""a"", ""timestamp"": 1752270307652}, {""key"": ""i"", ""timestamp"": 1752270308250}, {""key"": ""d"", ""timestamp"": 1752270308462}, {""key"": ""i"", ""timestamp"": 1752270308646}, {""key"": "" "", ""timestamp"": 1752270309296}]",[],0,0,0,0,856.323529411765
27,1,ime,"اسپین میں زیادہ تر لوگ مسیحی مذہب کو مانتے ہیں۔",1752270310332.0,1752270345637.0,"[{""key"": ""i"", ""timestamp"": 1752270310332}, {""key"": ""s"", ""timestamp"": 1752270310449}, {""key"": ""p"", ""timestamp"": 1752270311266}, {""key"": ""a"", ""timestamp"": 1752270311691}, {""key"": ""Backspace"", ""timestamp"": 1752270312504}, {""key"": ""Backspace"", ""timestamp"": 1752270312662}, {""key"": ""Backspace"", ""timestamp"": 1752270312830}, {""key"": ""Backspace"", ""timestamp"": 1752270312959}, {""key"": ""s"", ""timestamp"": 1752270313193}, {""key"": ""p"", ""timestamp"": 1752270313429}, {""key"": ""a"", ""timestamp"": 1752270313564}, {""key"": ""i"", ""timestamp"": 1752270313746}, {""key"": ""n"", ""timestamp"": 1752270313947}, {""key"": "" "", ""timestamp"": 1752270314487}, {""key"": ""m"", ""timestamp"": 1752270315209}, {""key"": ""a"", ""timestamp"": 1752270315331}, {""key"": ""i"", ""timestamp"": 1752270315418}, {""key"": ""n"", ""timestamp"": 1752270315547}, {""key"": "" "", ""timestamp"": 1752270315725}, {""key"": ""z"", ""timestamp"": 1752270316724}, {""key"": ""i"", ""timestamp"": 1752270318103}, {""key"": ""y"", ""timestamp"": 1752270318356}, {""key"": ""d"", ""timestamp"": 1752270319783}, {""key"": ""h"", ""timestamp"": 1752270320550}, {""key"": "" "", ""timestamp"": 1752270320818}, {""key"": ""Backspace"", ""timestamp"": 1752270321528}, {""key"": ""Backspace"", ""timestamp"": 1752270321701}, {""key"": ""Backspace"", ""timestamp"": 1752270321843}, {""key"": ""a"", ""timestamp"": 1752270323149}, {""key"": ""d"", ""timestamp"": 1752270323316}, {""key"": ""h"", ""timestamp"": 1752270323801}, {""key"": ""ArrowDown"", ""timestamp"": 1752270325590}, {""key"": ""ArrowDown"", ""timestamp"": 1752270325837}, {""key"": ""ArrowDown"", ""timestamp"": 1752270327020}, {""key"": ""Enter"", ""timestamp"": 1752270327737}, {""key"": "" "", ""timestamp"": 1752270328356}, {""key"": ""t"", ""timestamp"": 1752270328650}, {""key"": ""r"", ""timestamp"": 1752270328840}, {""key"": "" "", ""timestamp"": 1752270329019}, {""key"": ""l"", ""timestamp"": 1752270329878}, {""key"": ""o"", ""timestamp"": 1752270330103}, {""key"": ""g"", ""timestamp"": 1752270330865}, {""key"": "" "", ""timestamp"": 1752270331112}, {""key"": ""m"", ""timestamp"": 1752270332159}, {""key"": ""s"", ""timestamp"": 1752270332430}, {""key"": ""i"", ""timestamp"": 1752270332755}, {""key"": ""h"", ""timestamp"": 1752270333442}, {""key"": ""i"", ""timestamp"": 1752270333644}, {""key"": "" "", ""timestamp"": 1752270334499}, {""key"": ""m"", ""timestamp"": 1752270335347}, {""key"": ""z"", ""timestamp"": 1752270335760}, {""key"": ""h"", ""timestamp"": 1752270336636}, {""key"": ""b"", ""timestamp"": 1752270337206}, {""key"": ""ArrowDown"", ""timestamp"": 1752270338233}, {""key"": ""Enter"", ""timestamp"": 1752270338560}, {""key"": "" "", ""timestamp"": 1752270339376}, {""key"": ""k"", ""timestamp"": 1752270339653}, {""key"": ""o"", ""timestamp"": 1752270339800}, {""key"": "" "", ""timestamp"": 1752270339968}, {""key"": ""m"", ""timestamp"": 1752270340532}, {""key"": ""a"", ""timestamp"": 1752270340721}, {""key"": ""n"", ""timestamp"": 1752270340979}, {""key"": ""t"", ""timestamp"": 1752270341920}, {""key"": ""e"", ""timestamp"": 1752270342028}, {""key"": "" "", ""timestamp"": 1752270343106}, {""key"": ""h"", ""timestamp"": 1752270343727}, {""key"": ""a"", ""timestamp"": 1752270343841}, {""key"": ""i"", ""timestamp"": 1752270343941}, {""key"": ""n"", ""timestamp"": 1752270344072}, {""key"": "" "", ""timestamp"": 1752270344635}, {""key"": ""Backspace"", ""timestamp"": 1752270345238}, {""key"": ""."", ""timestamp"": 1752270345637}]",[],0,0,0,0,751.170212765957
28,1,ime,"تاہم مختلف ممالک میں اس کی تعریف یکساں نہیں۔",1752270346853.0,1752270380524.0,"[{""key"": ""t"", ""timestamp"": 1752270346853}, {""key"": ""a"", ""timestamp"": 1752270347740}, {""key"": ""h"", ""timestamp"": 1752270348246}, {""key"": ""m"", ""timestamp"": 1752270348482}, {""key"": ""ArrowDown"", ""timestamp"": 1752270349934}, {""key"": ""Enter"", ""timestamp"": 1752270350294}, {""key"": "" "", ""timestamp"": 1752270350935}, {""key"": ""m"", ""timestamp"": 1752270351228}, {""key"": ""k"", ""timestamp"": 1752270352523}, {""key"": ""h"", ""timestamp"": 1752270352862}, {""key"": ""t"", ""timestamp"": 1752270353298}, {""key"": ""a"", ""timestamp"": 1752270353433}, {""key"": ""l"", ""timestamp"": 1752270354524}, {""key"": ""f"", ""timestamp"": 1752270354739}, {""key"": "" "", ""timestamp"": 1752270355604}, {""key"": ""m"", ""timestamp"": 1752270356042}, {""key"": ""m"", ""timestamp"": 1752270356201}, {""key"": ""l"", ""timestamp"": 1752270356627}, {""key"": ""Backspace"", ""timestamp"": 1752270357876}, {""key"": ""a"", ""timestamp"": 1752270358125}, {""key"": ""l"", ""timestamp"": 1752270358835}, {""key"": ""k"", ""timestamp"": 1752270359137}, {""key"": "" "", ""timestamp"": 1752270359801}, {""key"": ""m"", ""timestamp"": 1752270360374}, {""key"": ""a"", ""timestamp"": 1752270360644}, {""key"": ""i"", ""timestamp"": 1752270360790}, {""key"": ""n"", ""timestamp"": 1752270360947}, {""key"": "" "", ""timestamp"": 1752270361153}, {""key"": ""i"", ""timestamp"": 1752270361798}, {""key"": ""s"", ""timestamp"": 1752270361898}, {""key"": "" "", ""timestamp"": 1752270362118}, {""key"": ""k"", ""timestamp"": 1752270362961}, {""key"": ""i"", ""timestamp"": 1752270363153}, {""key"": "" "", ""timestamp"": 1752270363336}, {""key"": ""t"", ""timestamp"": 1752270364322}, {""key"": ""a"", ""timestamp"": 1752270365796}, {""key"": ""r"", ""timestamp"": 1752270366010}, {""key"": ""i"", ""timestamp"": 1752270366414}, {""key"": ""f"", ""timestamp"": 1752270367146}, {""key"": "" "", ""timestamp"": 1752270368110}, {""key"": ""Backspace"", ""timestamp"": 1752270368904}, {""key"": ""Backspace"", ""timestamp"": 1752270369094}, {""key"": ""Backspace"", ""timestamp"": 1752270369251}, {""key"": ""Backspace"", ""timestamp"": 1752270370016}, {""key"": ""r"", ""timestamp"": 1752270371371}, {""key"": ""i"", ""timestamp"": 1752270371535}, {""key"": ""f"", ""timestamp"": 1752270371844}, {""key"": ""ArrowDown"", ""timestamp"": 1752270373377}, {""key"": ""Enter"", ""timestamp"": 1752270373792}, {""key"": "" "", ""timestamp"": 1752270374141}, {""key"": ""i"", ""timestamp"": 1752270375919}, {""key"": ""k"", ""timestamp"": 1752270376379}, {""key"": ""s"", ""timestamp"": 1752270376577}, {""key"": ""a"", ""timestamp"": 1752270376741}, {""key"": ""Shift"", ""timestamp"": 1752270377066}, {""key"": ""N"", ""timestamp"": 1752270377168}, {""key"": "" "", ""timestamp"": 1752270377740}, {""key"": ""n"", ""timestamp"": 1752270378619}, {""key"": ""a"", ""timestamp"": 1752270378821}, {""key"": ""h"", ""timestamp"": 1752270378970}, {""key"": ""i"", ""timestamp"": 1752270379106}, {""key"": ""n"", ""timestamp"": 1752270379259}, {""key"": ""Enter"", ""timestamp"": 1752270379990}, {""key"": ""."", ""timestamp"": 1752270380523}]",[],0,0,0,0,765.25
29,1,ime,"میری طرف سے یہ پھول آپ کے لئے",1752270381734.0,1752270403269.0,"[{""key"": ""p"", ""timestamp"": 1752270381734}, {""key"": ""Backspace"", ""timestamp"": 1752270382392}, {""key"": ""m"", ""timestamp"": 1752270382679}, {""key"": ""a"", ""timestamp"": 1752270382870}, {""key"": ""Backspace"", ""timestamp"": 1752270385342}, {""key"": ""e"", ""timestamp"": 1752270385460}, {""key"": ""r"", ""timestamp"": 1752270385740}, {""key"": ""i"", ""timestamp"": 1752270385856}, {""key"": "" "", ""timestamp"": 1752270386421}, {""key"": ""r"", ""timestamp"": 1752270387869}, {""key"": ""Backspace"", ""timestamp"": 1752270388259}, {""key"": ""t"", ""timestamp"": 1752270388396}, {""key"": ""r"", ""timestamp"": 1752270388574}, {""key"": ""f"", ""timestamp"": 1752270388878}, {""key"": "" "", ""timestamp"": 1752270389583}, {""key"": ""s"", ""timestamp"": 1752270390099}, {""key"": ""e"", ""timestamp"": 1752270390229}, {""key"": "" "", ""timestamp"": 1752270390487}, {""key"": ""y"", ""timestamp"": 1752270391400}, {""key"": ""e"", ""timestamp"": 1752270391523}, {""key"": ""h"", ""timestamp"": 1752270391646}, {""key"": "" "", ""timestamp"": 1752270392210}, {""key"": ""h"", ""timestamp"": 1752270393065}, {""key"": ""Backspace"", ""timestamp"": 1752270393581}, {""key"": ""p"", ""timestamp"": 1752270393840}, {""key"": ""h"", ""timestamp"": 1752270394154}, {""key"": ""o"", ""timestamp"": 1752270394447}, {""key"": ""o"", ""timestamp"": 1752270394602}, {""key"": ""l"", ""timestamp"": 1752270394865}, {""key"": "" "", ""timestamp"": 1752270395922}, {""key"": ""a"", ""timestamp"": 1752270396574}, {""key"": ""a"", ""timestamp"": 1752270396772}, {""key"": ""p"", ""timestamp"": 1752270396922}, {""key"": "" "", ""timestamp"": 1752270397098}, {""key"": ""k"", ""timestamp"": 1752270397675}, {""key"": ""i"", ""timestamp"": 1752270397855}, {""key"": "" "", ""timestamp"": 1752270398001}, {""key"": ""Backspace"", ""timestamp"": 1752270398766}, {""key"": ""Backspace"", ""timestamp"": 1752270398913}, {""key"": ""e"", ""timestamp"": 1752270399323}, {""key"": ""ArrowDown"", ""timestamp"": 1752270400845}, {""key"": ""Enter"", ""timestamp"": 1752270401152}, {""key"": "" "", ""timestamp"": 1752270401725}, {""key"": ""l"", ""timestamp"": 1752270402032}, {""key"": ""i"", ""timestamp"": 1752270402301}, {""key"": ""e"", ""timestamp"": 1752270402481}, {""key"": "" "", ""timestamp"": 1752270403269}]",[],0,0,0,0,742.586206896552
30,1,ime,"یہ تو کسی ناول کا نام لگتا ہے",1752270404302.0,1752270430774.0,"[{""key"": ""y"", ""timestamp"": 1752270404302}, {""key"": ""e"", ""timestamp"": 1752270404425}, {""key"": ""h"", ""timestamp"": 1752270404539}, {""key"": "" "", ""timestamp"": 1752270404765}, {""key"": ""t"", ""timestamp"": 1752270405370}, {""key"": ""w"", ""timestamp"": 1752270405485}, {""key"": "" "", ""timestamp"": 1752270405855}, {""key"": ""k"", ""timestamp"": 1752270406743}, {""key"": ""s"", ""timestamp"": 1752270406914}, {""key"": ""i"", ""timestamp"": 1752270407049}, {""key"": "" "", ""timestamp"": 1752270407273}, {""key"": ""n"", ""timestamp"": 1752270410557}, {""key"": ""e"", ""timestamp"": 1752270411323}, {""key"": ""Backspace"", ""timestamp"": 1752270411968}, {""key"": ""a"", ""timestamp"": 1752270412046}, {""key"": ""w"", ""timestamp"": 1752270414517}, {""key"": ""l"", ""timestamp"": 1752270414765}, {""key"": "" "", ""timestamp"": 1752270415442}, {""key"": ""Backspace"", ""timestamp"": 1752270416239}, {""key"": ""Backspace"", ""timestamp"": 1752270416410}, {""key"": ""Backspace"", ""timestamp"": 1752270416711}, {""key"": ""a"", ""timestamp"": 1752270417487}, {""key"": "" "", ""timestamp"": 1752270418185}, {""key"": ""Backspace"", ""timestamp"": 1752270419022}, {""key"": ""Backspace"", ""timestamp"": 1752270419198}, {""key"": ""Backspace"", ""timestamp"": 1752270419355}, {""key"": ""n"", ""timestamp"": 1752270420287}, {""key"": ""a"", ""timestamp"": 1752270420438}, {""key"": ""Backspace"", ""timestamp"": 1752270420817}, {""key"": ""o"", ""timestamp"": 1752270421065}, {""key"": ""v"", ""timestamp"": 1752270421179}, {""key"": ""e"", ""timestamp"": 1752270421312}, {""key"": ""l"", ""timestamp"": 1752270421435}, {""key"": "" "", ""timestamp"": 1752270422325}, {""key"": ""k"", ""timestamp"": 1752270423231}, {""key"": ""a"", ""timestamp"": 1752270423461}, {""key"": "" "", ""timestamp"": 1752270423622}, {""key"": ""n"", ""timestamp"": 1752270424474}, {""key"": ""a"", ""timestamp"": 1752270424633}, {""key"": ""m"", ""timestamp"": 1752270425009}, {""key"": "" "", ""timestamp"": 1752270425161}, {""key"": ""l"", ""timestamp"": 1752270426096}, {""key"": ""g"", ""timestamp"": 1752270427227}, {""key"": ""r"", ""timestamp"": 1752270427500}, {""key"": ""t"", ""timestamp"": 1752270427512}, {""key"": ""a"", ""timestamp"": 1752270427602}, {""key"": ""Backspace"", ""timestamp"": 1752270427988}, {""key"": ""Backspace"", ""timestamp"": 1752270428154}, {""key"": ""Backspace"", ""timestamp"": 1752270428617}, {""key"": ""t"", ""timestamp"": 1752270428749}, {""key"": ""a"", ""timestamp"": 1752270428827}, {""key"": "" "", ""timestamp"": 1752270429452}, {""key"": ""h"", ""timestamp"": 1752270430020}, {""key"": ""e"", ""timestamp"": 1752270430188}, {""key"": "" "", ""timestamp"": 1752270430773}]",[],0,0,0,0,912.827586206897
31,1,windows,"گنتی میں اسے سات سو پینسٹھ بولا جاتا ہے۔",1752270866961.0,1752270998836.0,"[{""key"": ""g"", ""timestamp"": 1752270866961}, {""key"": ""i"", ""timestamp"": 1752270867066}, {""key"": ""n"", ""timestamp"": 1752270867276}, {""key"": ""Backspace"", ""timestamp"": 1752270867782}, {""key"": ""Backspace"", ""timestamp"": 1752270867930}, {""key"": ""Backspace"", ""timestamp"": 1752270868753}, {""key"": ""k"", ""timestamp"": 1752270885254}, {""key"": ""Backspace"", ""timestamp"": 1752270885985}, {""key"": ""Shift"", ""timestamp"": 1752270886110}, {""key"": ""K"", ""timestamp"": 1752270886260}, {""key"": ""f"", ""timestamp"": 1752270887629}, {""key"": ""u"", ""timestamp"": 1752270889990}, {""key"": ""i"", ""timestamp"": 1752270890781}, {""key"": ""Backspace"", ""timestamp"": 1752270891401}, {""key"": ""l"", ""timestamp"": 1752270893457}, {""key"": "" "", ""timestamp"": 1752270894017}, {""key"": ""a"", ""timestamp"": 1752270895454}, {""key"": ""l"", ""timestamp"": 1752270896989}, {""key"": ""Shift"", ""timestamp"": 1752270898463}, {""key"": ""F"", ""timestamp"": 1752270898609}, {""key"": "" "", ""timestamp"": 1752270899013}, {""key"": ""j"", ""timestamp"": 1752270900419}, {""key"": ""v"", ""timestamp"": 1752270902332}, {""key"": ""c"", ""timestamp"": 1752270903854}, {""key"": "" "", ""timestamp"": 1752270904336}, {""key"": ""v"", ""timestamp"": 1752270905065}, {""key"": ""a"", ""timestamp"": 1752270905639}, {""key"": ""Backspace"", ""timestamp"": 1752270906485}, {""key"": ""j"", ""timestamp"": 1752270906933}, {""key"": ""u"", ""timestamp"": 1752270908160}, {""key"": "" "", ""timestamp"": 1752270908566}, {""key"": ""j"", ""timestamp"": 1752270913312}, {""key"": ""Backspace"", ""timestamp"": 1752270914088}, {""key"": ""v"", ""timestamp"": 1752270916125}, {""key"": ""s"", ""timestamp"": 1752270917598}, {""key"": "" "", ""timestamp"": 1752270918038}, {""key"": ""y"", ""timestamp"": 1752270923483}, {""key"": ""l"", ""timestamp"": 1752270936105}, {""key"": ""f"", ""timestamp"": 1752270949868}, {""key"": ""v"", ""timestamp"": 1752270953554}, {""key"": ""t"", ""timestamp"": 1752270955389}, {""key"": ""e"", ""timestamp"": 1752270961417}, {""key"": "" "", ""timestamp"": 1752270961903}, {""key"": ""i"", ""timestamp"": 1752270966221}, {""key"": ""s"", ""timestamp"": 1752270967790}, {""key"": ""l"", ""timestamp"": 1752270968909}, {""key"": ""Backspace"", ""timestamp"": 1752270969518}, {""key"": ""j"", ""timestamp"": 1752270970248}, {""key"": ""Backspace"", ""timestamp"": 1752270971143}, {""key"": ""g"", ""timestamp"": 1752270973351}, {""key"": ""j"", ""timestamp"": 1752270974602}, {""key"": "" "", ""timestamp"": 1752270975446}, {""key"": ""o"", ""timestamp"": 1752270979328}, {""key"": ""a"", ""timestamp"": 1752270980217}, {""key"": ""Backspace"", ""timestamp"": 1752270980849}, {""key"": ""j"", ""timestamp"": 1752270984255}, {""key"": ""u"", ""timestamp"": 1752270986077}, {""key"": ""j"", ""timestamp"": 1752270986926}, {""key"": "" "", ""timestamp"": 1752270987715}, {""key"": ""o"", ""timestamp"": 1752270989016}, {""key"": ""Backspace"", ""timestamp"": 1752270989534}, {""key"": ""j"", ""timestamp"": 1752270991313}, {""key"": ""Backspace"", ""timestamp"": 1752270992028}, {""key"": ""h"", ""timestamp"": 1752270996034}, {""key"": ""c"", ""timestamp"": 1752270998171}, {""key"": ""."", ""timestamp"": 1752270998835}]","[{""error_type"": ""omission"", ""input"": ""\u0627"", ""target"": ""\u0644""}, {""error_type"": ""substitution"", ""input"": ""j"", ""target"": ""h""}]",0,1,1,0,3296.875
32,1,windows,"ہاں یہ تو آپ نے بلکل ٹھیک کہا",1752271002165.0,1752271053353.0,"[{""key"": ""h"", ""timestamp"": 1752271002165}, {""key"": ""j"", ""timestamp"": 1752271003279}, {""key"": ""Shift"", ""timestamp"": 1752271004740}, {""key"": ""F"", ""timestamp"": 1752271004993}, {""key"": "" "", ""timestamp"": 1752271005539}, {""key"": ""l"", ""timestamp"": 1752271009736}, {""key"": ""h"", ""timestamp"": 1752271011144}, {""key"": "" "", ""timestamp"": 1752271011561}, {""key"": ""u"", ""timestamp"": 1752271012630}, {""key"": ""s"", ""timestamp"": 1752271014363}, {""key"": "" "", ""timestamp"": 1752271015024}, {""key"": ""Shift"", ""timestamp"": 1752271015485}, {""key"": ""Shift"", ""timestamp"": 1752271015988}, {""key"": ""Shift"", ""timestamp"": 1752271016028}, {""key"": ""J"", ""timestamp"": 1752271016060}, {""key"": "" "", ""timestamp"": 1752271016520}, {""key"": ""Backspace"", ""timestamp"": 1752271017263}, {""key"": ""y"", ""timestamp"": 1752271020290}, {""key"": "" "", ""timestamp"": 1752271020762}, {""key"": ""f"", ""timestamp"": 1752271022286}, {""key"": ""c"", ""timestamp"": 1752271025689}, {""key"": "" "", ""timestamp"": 1752271026195}, {""key"": ""i"", ""timestamp"": 1752271027916}, {""key"": ""g"", ""timestamp"": 1752271030010}, {""key"": ""k"", ""timestamp"": 1752271032131}, {""key"": ""g"", ""timestamp"": 1752271033657}, {""key"": "" "", ""timestamp"": 1752271034137}, {""key"": ""Shift"", ""timestamp"": 1752271035569}, {""key"": ""T"", ""timestamp"": 1752271036006}, {""key"": ""Backspace"", ""timestamp"": 1752271036553}, {""key"": ""t"", ""timestamp"": 1752271038570}, {""key"": ""h"", ""timestamp"": 1752271040658}, {""key"": ""Backspace"", ""timestamp"": 1752271041642}, {""key"": ""e"", ""timestamp"": 1752271044050}, {""key"": ""i"", ""timestamp"": 1752271045162}, {""key"": ""Backspace"", ""timestamp"": 1752271045776}, {""key"": ""l"", ""timestamp"": 1752271049051}, {""key"": ""k"", ""timestamp"": 1752271050000}, {""key"": "" "", ""timestamp"": 1752271050468}, {""key"": ""k"", ""timestamp"": 1752271050860}, {""key"": ""h"", ""timestamp"": 1752271052160}, {""key"": ""j"", ""timestamp"": 1752271053352}]",[],0,1,1,0,1765.10344827586
33,1,windows,"کئی تصانیف پر تبصرے، تنقید اور مراسلے لکھنے لگے۔",1752271055075.0,1752271266592.0,"[{""key"": ""k"", ""timestamp"": 1752271055075}, {""key"": ""i"", ""timestamp"": 1752271057496}, {""key"": ""Backspace"", ""timestamp"": 1752271058055}, {""key"": ""Shift"", ""timestamp"": 1752271069013}, {""key"": ""H"", ""timestamp"": 1752271069280}, {""key"": ""Backspace"", ""timestamp"": 1752271071375}, {""key"": ""Shift"", ""timestamp"": 1752271082670}, {""key"": ""L"", ""timestamp"": 1752271082928}, {""key"": ""l"", ""timestamp"": 1752271083469}, {""key"": ""Backspace"", ""timestamp"": 1752271084144}, {""key"": ""Backspace"", ""timestamp"": 1752271084372}, {""key"": ""Shift"", ""timestamp"": 1752271095680}, {""key"": ""N"", ""timestamp"": 1752271095968}, {""key"": ""l"", ""timestamp"": 1752271098905}, {""key"": "" "", ""timestamp"": 1752271100459}, {""key"": ""\u062a"", ""timestamp"": 1752271156377}, {""key"": ""\u0635"", ""timestamp"": 1752271158609}, {""key"": ""\u0645"", ""timestamp"": 1752271159801}, {""key"": ""Backspace"", ""timestamp"": 1752271160430}, {""key"": ""\u0627"", ""timestamp"": 1752271163561}, {""key"": ""\u0646"", ""timestamp"": 1752271165055}, {""key"": ""\u06cc"", ""timestamp"": 1752271167351}, {""key"": ""\u0641"", ""timestamp"": 1752271170872}, {""key"": "" "", ""timestamp"": 1752271171389}, {""key"": ""\u067e"", ""timestamp"": 1752271173842}, {""key"": ""\u0628"", ""timestamp"": 1752271175958}, {""key"": ""Backspace"", ""timestamp"": 1752271176631}, {""key"": ""\u0631"", ""timestamp"": 1752271178184}, {""key"": "" "", ""timestamp"": 1752271178850}, {""key"": ""\u0628"", ""timestamp"": 1752271179410}, {""key"": ""Backspace"", ""timestamp"": 1752271179929}, {""key"": ""\u0628"", ""timestamp"": 1752271182165}, {""key"": ""Backspace"", ""timestamp"": 1752271182827}, {""key"": ""\u062a"", ""timestamp"": 1752271183696}, {""key"": ""\u0628"", ""timestamp"": 1752271186887}, {""key"": ""\u0635"", ""timestamp"": 1752271189377}, {""key"": ""\u0631"", ""timestamp"": 1752271190902}, {""key"": ""\u06d2"", ""timestamp"": 1752271192789}, {""key"": ""\u060c"", ""timestamp"": 1752271193955}, {""key"": "" "", ""timestamp"": 1752271194417}, {""key"": ""\u062a"", ""timestamp"": 1752271198073}, {""key"": ""\u0646"", ""timestamp"": 1752271210259}, {""key"": ""\u0642"", ""timestamp"": 1752271216874}, {""key"": ""\u062a"", ""timestamp"": 1752271227886}, {""key"": ""Backspace"", ""timestamp"": 1752271228606}, {""key"": ""\u06cc"", ""timestamp"": 1752271231790}, {""key"": ""\u062f"", ""timestamp"": 1752271234337}, {""key"": "" "", ""timestamp"": 1752271235170}, {""key"": ""\u0627"", ""timestamp"": 1752271236872}, {""key"": ""\u0635"", ""timestamp"": 1752271237820}, {""key"": ""Backspace"", ""timestamp"": 1752271238416}, {""key"": ""\u0648"", ""timestamp"": 1752271239192}, {""key"": ""\u0631"", ""timestamp"": 1752271240466}, {""key"": "" "", ""timestamp"": 1752271240919}, {""key"": ""\u0645"", ""timestamp"": 1752271242006}, {""key"": ""\u0631"", ""timestamp"": 1752271243976}, {""key"": ""\u0627"", ""timestamp"": 1752271245180}, {""key"": ""\u0633"", ""timestamp"": 1752271247386}, {""key"": ""\u0644"", ""timestamp"": 1752271249748}, {""key"": ""\u06d2"", ""timestamp"": 1752271251152}, {""key"": "" "", ""timestamp"": 1752271251873}, {""key"": ""\u0644"", ""timestamp"": 1752271252726}, {""key"": ""\u06a9"", ""timestamp"": 1752271253572}, {""key"": ""\u06be"", ""timestamp"": 1752271255325}, {""key"": ""\u0645"", ""timestamp"": 1752271257106}, {""key"": ""Backspace"", ""timestamp"": 1752271257904}, {""key"": ""\u0646"", ""timestamp"": 1752271258396}, {""key"": ""\u06d2"", ""timestamp"": 1752271259792}, {""key"": "" "", ""timestamp"": 1752271260274}, {""key"": ""\u0644"", ""timestamp"": 1752271261484}, {""key"": ""Shift"", ""timestamp"": 1752271262634}, {""key"": ""\u06af"", ""timestamp"": 1752271262795}, {""key"": ""\u0633"", ""timestamp"": 1752271264810}, {""key"": ""Backspace"", ""timestamp"": 1752271265361}, {""key"": ""\u06d2"", ""timestamp"": 1752271265540}, {""key"": ""\u06d4"", ""timestamp"": 1752271266591}]","[{""error_type"": ""substitution"", ""input"": ""H"", ""target"": ""N""}, {""error_type"": ""omission"", ""input"": ""\u06cc"", ""target"": ""\u0626""}, {""error_type"": ""omission"", ""input"": ""\u0628"", ""target"": ""\u062a""}, {""error_type"": ""omission"", ""input"": ""\u0628"", ""target"": ""\u062a""}]",0,4,2,0,4406.60416666667
34,1,windows,"روایتی اور نوتخلیقی پتنگیں، بانس اور کپڑے سے بنتی ہیں۔",1752271268321.0,1752271499602.0,"[{""key"": ""\u062f"", ""timestamp"": 1752271268321}, {""key"": ""Backspace"", ""timestamp"": 1752271268937}, {""key"": ""\u062f"", ""timestamp"": 1752271271593}, {""key"": ""Backspace"", ""timestamp"": 1752271272159}, {""key"": ""\u0631"", ""timestamp"": 1752271272708}, {""key"": ""\u0635"", ""timestamp"": 1752271274101}, {""key"": ""Backspace"", ""timestamp"": 1752271274634}, {""key"": ""\u0648"", ""timestamp"": 1752271275242}, {""key"": ""\u0645"", ""timestamp"": 1752271276026}, {""key"": ""Backspace"", ""timestamp"": 1752271276645}, {""key"": ""\u0627"", ""timestamp"": 1752271277626}, {""key"": ""\u0628"", ""timestamp"": 1752271278623}, {""key"": ""Backspace"", ""timestamp"": 1752271279142}, {""key"": ""\u0628"", ""timestamp"": 1752271284628}, {""key"": ""Backspace"", ""timestamp"": 1752271285151}, {""key"": ""\u06cc"", ""timestamp"": 1752271286004}, {""key"": ""\u062a"", ""timestamp"": 1752271294166}, {""key"": ""\u06cc"", ""timestamp"": 1752271299594}, {""key"": "" "", ""timestamp"": 1752271300191}, {""key"": ""\u0645"", ""timestamp"": 1752271313915}, {""key"": ""Backspace"", ""timestamp"": 1752271314691}, {""key"": ""\u0646"", ""timestamp"": 1752271315132}, {""key"": ""Backspace"", ""timestamp"": 1752271315561}, {""key"": ""\u0627"", ""timestamp"": 1752271315835}, {""key"": ""\u0648"", ""timestamp"": 1752271318396}, {""key"": ""\u0631"", ""timestamp"": 1752271321401}, {""key"": "" "", ""timestamp"": 1752271321896}, {""key"": ""\u0646"", ""timestamp"": 1752271324433}, {""key"": ""\u0635"", ""timestamp"": 1752271326491}, {""key"": ""Backspace"", ""timestamp"": 1752271327101}, {""key"": ""\u0648"", ""timestamp"": 1752271327241}, {""key"": ""\u062a"", ""timestamp"": 1752271330453}, {""key"": ""\u062d"", ""timestamp"": 1752271333985}, {""key"": ""Backspace"", ""timestamp"": 1752271334808}, {""key"": ""Shift"", ""timestamp"": 1752271336128}, {""key"": ""\u062e"", ""timestamp"": 1752271336292}, {""key"": ""\u06cc"", ""timestamp"": 1752271337328}, {""key"": ""Backspace"", ""timestamp"": 1752271337858}, {""key"": ""\u0627"", ""timestamp"": 1752271338735}, {""key"": ""Backspace"", ""timestamp"": 1752271339729}, {""key"": ""\u0644"", ""timestamp"": 1752271343684}, {""key"": ""\u06a9"", ""timestamp"": 1752271355924}, {""key"": ""Backspace"", ""timestamp"": 1752271356519}, {""key"": ""\u06cc"", ""timestamp"": 1752271357048}, {""key"": ""\u0642"", ""timestamp"": 1752271360338}, {""key"": ""\u06cc"", ""timestamp"": 1752271363393}, {""key"": "" "", ""timestamp"": 1752271364148}, {""key"": ""\u067e"", ""timestamp"": 1752271370969}, {""key"": ""\u062a"", ""timestamp"": 1752271373578}, {""key"": ""\u063a"", ""timestamp"": 1752271374332}, {""key"": ""Backspace"", ""timestamp"": 1752271374902}, {""key"": ""\u062c"", ""timestamp"": 1752271375515}, {""key"": ""Backspace"", ""timestamp"": 1752271376132}, {""key"": ""\u0646"", ""timestamp"": 1752271385533}, {""key"": ""Shift"", ""timestamp"": 1752271390181}, {""key"": ""Shift"", ""timestamp"": 1752271390683}, {""key"": ""Shift"", ""timestamp"": 1752271390723}, {""key"": ""Shift"", ""timestamp"": 1752271390758}, {""key"": ""Shift"", ""timestamp"": 1752271390791}, {""key"": ""Shift"", ""timestamp"": 1752271390826}, {""key"": ""Shift"", ""timestamp"": 1752271390845}, {""key"": ""Shift"", ""timestamp"": 1752271390882}, {""key"": ""\u06af"", ""timestamp"": 1752271390901}, {""key"": ""\u06cc"", ""timestamp"": 1752271399277}, {""key"": ""Shift"", ""timestamp"": 1752271400552}, {""key"": ""Shift"", ""timestamp"": 1752271401061}, {""key"": ""Shift"", ""timestamp"": 1752271401082}, {""key"": ""Shift"", ""timestamp"": 1752271401119}, {""key"": ""Shift"", ""timestamp"": 1752271401162}, {""key"": ""Shift"", ""timestamp"": 1752271401183}, {""key"": ""Shift"", ""timestamp"": 1752271401223}, {""key"": ""Shift"", ""timestamp"": 1752271401257}, {""key"": ""Shift"", ""timestamp"": 1752271401292}, {""key"": ""Shift"", ""timestamp"": 1752271401311}, {""key"": ""Shift"", ""timestamp"": 1752271401348}, {""key"": ""Shift"", ""timestamp"": 1752271401383}, {""key"": ""Shift"", ""timestamp"": 1752271401422}, {""key"": ""Shift"", ""timestamp"": 1752271401443}, {""key"": ""Shift"", ""timestamp"": 1752271401480}, {""key"": ""Shift"", ""timestamp"": 1752271401511}, {""key"": ""Shift"", ""timestamp"": 1752271401553}, {""key"": ""Shift"", ""timestamp"": 1752271401590}, {""key"": ""Shift"", ""timestamp"": 1752271401609}, {""key"": ""Shift"", ""timestamp"": 1752271401647}, {""key"": ""Shift"", ""timestamp"": 1752271401682}, {""key"": ""Shift"", ""timestamp"": 1752271401722}, {""key"": ""Shift"", ""timestamp"": 1752271401741}, {""key"": ""Shift"", ""timestamp"": 1752271401778}, {""key"": ""Shift"", ""timestamp"": 1752271401813}, {""key"": ""Shift"", ""timestamp"": 1752271401848}, {""key"": ""Shift"", ""timestamp"": 1752271401878}, {""key"": ""Shift"", ""timestamp"": 1752271401917}, {""key"": ""Shift"", ""timestamp"": 1752271401941}, {""key"": ""Shift"", ""timestamp"": 1752271401979}, {""key"": ""Shift"", ""timestamp"": 1752271402014}, {""key"": ""Shift"", ""timestamp"": 1752271402049}, {""key"": ""Shift"", ""timestamp"": 1752271402085}, {""key"": ""Shift"", ""timestamp"": 1752271402109}, {""key"": ""Shift"", ""timestamp"": 1752271402146}, {""key"": ""Shift"", ""timestamp"": 1752271402181}, {""key"": ""Shift"", ""timestamp"": 1752271402204}, {""key"": ""Shift"", ""timestamp"": 1752271402248}, {""key"": ""Shift"", ""timestamp"": 1752271402269}, {""key"": ""Shift"", ""timestamp"": 1752271402306}, {""key"": ""Shift"", ""timestamp"": 1752271402340}, {""key"": ""Shift"", ""timestamp"": 1752271402375}, {""key"": ""Shift"", ""timestamp"": 1752271402410}, {""key"": ""Shift"", ""timestamp"": 1752271402445}, {""key"": ""Shift"", ""timestamp"": 1752271402469}, {""key"": ""Shift"", ""timestamp"": 1752271402507}, {""key"": ""Shift"", ""timestamp"": 1752271402542}, {""key"": ""Shift"", ""timestamp"": 1752271402573}, {""key"": ""Shift"", ""timestamp"": 1752271402602}, {""key"": ""Shift"", ""timestamp"": 1752271402639}, {""key"": ""Shift"", ""timestamp"": 1752271402674}, {""key"": ""Shift"", ""timestamp"": 1752271402708}, {""key"": ""Shift"", ""timestamp"": 1752271402743}, {""key"": ""Shift"", ""timestamp"": 1752271402778}, {""key"": ""Shift"", ""timestamp"": 1752271402797}, {""key"": ""Shift"", ""timestamp"": 1752271402834}, {""key"": ""Shift"", ""timestamp"": 1752271402868}, {""key"": ""Shift"", ""timestamp"": 1752271402900}, {""key"": ""Shift"", ""timestamp"": 1752271402950}, {""key"": ""Shift"", ""timestamp"": 1752271402971}, {""key"": ""Shift"", ""timestamp"": 1752271402997}, {""key"": ""Shift"", ""timestamp"": 1752271403034}, {""key"": ""Shift"", ""timestamp"": 1752271403069}, {""key"": ""Shift"", ""timestamp"": 1752271403105}, {""key"": ""Shift"", ""timestamp"": 1752271403140}, {""key"": ""Shift"", ""timestamp"": 1752271403165}, {""key"": ""\u06ba"", ""timestamp"": 1752271403185}, {""key"": ""\u060c"", ""timestamp"": 1752271405400}, {""key"": "" "", ""timestamp"": 1752271405896}, {""key"": ""\u0634"", ""timestamp"": 1752271409770}, {""key"": ""Backspace"", ""timestamp"": 1752271410467}, {""key"": ""\u062c"", ""timestamp"": 1752271411094}, {""key"": ""Backspace"", ""timestamp"": 1752271411649}, {""key"": ""\u0628"", ""timestamp"": 1752271413302}, {""key"": ""\u0645"", ""timestamp"": 1752271413990}, {""key"": ""Backspace"", ""timestamp"": 1752271414570}, {""key"": ""\u06cc"", ""timestamp"": 1752271415124}, {""key"": ""Backspace"", ""timestamp"": 1752271415706}, {""key"": ""\u0628"", ""timestamp"": 1752271420162}, {""key"": ""Backspace"", ""timestamp"": 1752271420848}, {""key"": ""Shift"", ""timestamp"": 1752271422841}, {""key"": ""\u0640"", ""timestamp"": 1752271423160}, {""key"": ""Backspace"", ""timestamp"": 1752271423910}, {""key"": ""\u0645"", ""timestamp"": 1752271430961}, {""key"": ""Backspace"", ""timestamp"": 1752271431726}, {""key"": ""\u06cc"", ""timestamp"": 1752271432288}, {""key"": ""Backspace"", ""timestamp"": 1752271432942}, {""key"": ""\u0627"", ""timestamp"": 1752271434148}, {""key"": ""\u0646"", ""timestamp"": 1752271458774}, {""key"": ""\u0633"", ""timestamp"": 1752271461586}, {""key"": "" "", ""timestamp"": 1752271462338}, {""key"": ""\u0645"", ""timestamp"": 1752271464421}, {""key"": ""Backspace"", ""timestamp"": 1752271465030}, {""key"": ""\u0627"", ""timestamp"": 1752271465781}, {""key"": ""\u0648"", ""timestamp"": 1752271469106}, {""key"": ""\u0631"", ""timestamp"": 1752271470595}, {""key"": "" "", ""timestamp"": 1752271471003}, {""key"": ""\u06cc"", ""timestamp"": 1752271472424}, {""key"": ""Backspace"", ""timestamp"": 1752271473142}, {""key"": ""\u06a9"", ""timestamp"": 1752271473628}, {""key"": ""\u062a"", ""timestamp"": 1752271475816}, {""key"": ""Backspace"", ""timestamp"": 1752271476448}, {""key"": ""\u067e"", ""timestamp"": 1752271477293}, {""key"": ""Shift"", ""timestamp"": 1752271478864}, {""key"": ""\u0691"", ""timestamp"": 1752271479158}, {""key"": ""\u06d2"", ""timestamp"": 1752271480861}, {""key"": "" "", ""timestamp"": 1752271481372}, {""key"": ""\u0633"", ""timestamp"": 1752271483241}, {""key"": ""\u06d2"", ""timestamp"": 1752271483589}, {""key"": "" "", ""timestamp"": 1752271483879}, {""key"": ""\u062a"", ""timestamp"": 1752271485525}, {""key"": ""Backspace"", ""timestamp"": 1752271486100}, {""key"": ""\u0628"", ""timestamp"": 1752271486425}, {""key"": ""\u0646"", ""timestamp"": 1752271488415}, {""key"": ""\u062a"", ""timestamp"": 1752271489643}, {""key"": ""\u06cc"", ""timestamp"": 1752271491650}, {""key"": "" "", ""timestamp"": 1752271492420}, {""key"": ""\u06c1"", ""timestamp"": 1752271495676}, {""key"": ""\u06cc"", ""timestamp"": 1752271496819}, {""key"": ""Shift"", ""timestamp"": 1752271497495}, {""key"": ""\u0626"", ""timestamp"": 1752271497767}, {""key"": ""Backspace"", ""timestamp"": 1752271498371}, {""key"": ""Shift"", ""timestamp"": 1752271498753}, {""key"": ""\u06ba"", ""timestamp"": 1752271498945}, {""key"": ""\u06d4"", ""timestamp"": 1752271499601}]","[{""error_type"": ""omission"", ""input"": ""\u06cc"", ""target"": ""\u0644""}]",0,5,2,0,4282.98148148148
35,1,windows,"پاکستان ٹیلی ویژن نیٹ ورک مندرجہ ذیل چینلز نشر کرتا ہے۔",1752271507878.0,1752272092777.0,"[{""key"": ""\u067e"", ""timestamp"": 1752271507878}, {""key"": ""\u0627"", ""timestamp"": 1752271509165}, {""key"": ""\u06a9"", ""timestamp"": 1752271510613}, {""key"": ""\u0633"", ""timestamp"": 1752271512277}, {""key"": ""\u062a"", ""timestamp"": 1752271513749}, {""key"": ""\u0627"", ""timestamp"": 1752271515062}, {""key"": ""\u0646"", ""timestamp"": 1752271517058}, {""key"": "" "", ""timestamp"": 1752271517667}, {""key"": ""Shift"", ""timestamp"": 1752271519985}, {""key"": ""Shift"", ""timestamp"": 1752271520491}, {""key"": ""Shift"", ""timestamp"": 1752271520526}, {""key"": ""Shift"", ""timestamp"": 1752271520562}, {""key"": ""Shift"", ""timestamp"": 1752271520598}, {""key"": ""Shift"", ""timestamp"": 1752271520623}, {""key"": ""Shift"", ""timestamp"": 1752271520661}, {""key"": ""Shift"", ""timestamp"": 1752271520696}, {""key"": ""Shift"", ""timestamp"": 1752271520722}, {""key"": ""Shift"", ""timestamp"": 1752271520758}, {""key"": ""Shift"", ""timestamp"": 1752271520783}, {""key"": ""Shift"", ""timestamp"": 1752271520821}, {""key"": ""Shift"", ""timestamp"": 1752271520858}, {""key"": ""Shift"", ""timestamp"": 1752271520880}, {""key"": ""Shift"", ""timestamp"": 1752271520917}, {""key"": ""Shift"", ""timestamp"": 1752271520952}, {""key"": ""Shift"", ""timestamp"": 1752271520987}, {""key"": ""Shift"", ""timestamp"": 1752271521022}, {""key"": ""Shift"", ""timestamp"": 1752271521056}, {""key"": ""Shift"", ""timestamp"": 1752271521091}, {""key"": ""Shift"", ""timestamp"": 1752271521126}, {""key"": ""Shift"", ""timestamp"": 1752271521151}, {""key"": ""\u0679"", ""timestamp"": 1752271521659}, {""key"": ""\u06cc"", ""timestamp"": 1752271524000}, {""key"": ""\u0644"", ""timestamp"": 1752271525666}, {""key"": ""\u06cc"", ""timestamp"": 1752271530437}, {""key"": "" "", ""timestamp"": 1752271531099}, {""key"": ""\u0648"", ""timestamp"": 1752271533595}, {""key"": ""\u06cc"", ""timestamp"": 1752271545274}, {""key"": ""Shift"", ""timestamp"": 1752271552116}, {""key"": ""\u0698"", ""timestamp"": 1752271552559}, {""key"": ""\u0646"", ""timestamp"": 1752271556381}, {""key"": "" "", ""timestamp"": 1752271557372}, {""key"": ""n"", ""timestamp"": 1752271957187}, {""key"": ""Backspace"", ""timestamp"": 1752271957849}, {""key"": ""Shift"", ""timestamp"": 1752271959044}, {""key"": ""p"", ""timestamp"": 1752271960546}, {""key"": ""Backspace"", ""timestamp"": 1752271961088}, {""key"": ""f"", ""timestamp"": 1752271968194}, {""key"": ""l"", ""timestamp"": 1752271970548}, {""key"": ""Shift"", ""timestamp"": 1752271971486}, {""key"": ""T"", ""timestamp"": 1752271971708}, {""key"": ""Backspace"", ""timestamp"": 1752271972484}, {""key"": ""t"", ""timestamp"": 1752271973540}, {""key"": "" "", ""timestamp"": 1752271973879}, {""key"": ""s"", ""timestamp"": 1752271975824}, {""key"": ""d"", ""timestamp"": 1752271978155}, {""key"": ""k"", ""timestamp"": 1752271978877}, {""key"": "" "", ""timestamp"": 1752271979204}, {""key"": ""a"", ""timestamp"": 1752271980673}, {""key"": ""f"", ""timestamp"": 1752271982338}, {""key"": ""s"", ""timestamp"": 1752271982812}, {""key"": ""Backspace"", ""timestamp"": 1752271983407}, {""key"": ""d"", ""timestamp"": 1752271983532}, {""key"": ""Backspace"", ""timestamp"": 1752271984230}, {""key"": ""e"", ""timestamp"": 1752271985331}, {""key"": ""r"", ""timestamp"": 1752271987665}, {""key"": ""Backspace"", ""timestamp"": 1752271988459}, {""key"": ""Backspace"", ""timestamp"": 1752271988796}, {""key"": ""d"", ""timestamp"": 1752271989954}, {""key"": ""Backspace"", ""timestamp"": 1752271990743}, {""key"": ""r"", ""timestamp"": 1752271991027}, {""key"": ""d"", ""timestamp"": 1752271991304}, {""key"": "" "", ""timestamp"": 1752271991733}, {""key"": ""Backspace"", ""timestamp"": 1752271992486}, {""key"": ""o"", ""timestamp"": 1752271997961}, {""key"": ""h"", ""timestamp"": 1752272001002}, {""key"": "" "", ""timestamp"": 1752272001430}, {""key"": ""Shift"", ""timestamp"": 1752272003623}, {""key"": ""R"", ""timestamp"": 1752272003949}, {""key"": ""Backspace"", ""timestamp"": 1752272004749}, {""key"": ""Shift"", ""timestamp"": 1752272011712}, {""key"": ""E"", ""timestamp"": 1752272011847}, {""key"": ""l"", ""timestamp"": 1752272013480}, {""key"": ""g"", ""timestamp"": 1752272014682}, {""key"": "" "", ""timestamp"": 1752272015221}, {""key"": ""c"", ""timestamp"": 1752272021589}, {""key"": ""Backspace"", ""timestamp"": 1752272022180}, {""key"": ""Shift"", ""timestamp"": 1752272024791}, {""key"": ""O"", ""timestamp"": 1752272025117}, {""key"": "" "", ""timestamp"": 1752272025656}, {""key"": ""Backspace"", ""timestamp"": 1752272026169}, {""key"": ""l"", ""timestamp"": 1752272027001}, {""key"": ""f"", ""timestamp"": 1752272029116}, {""key"": ""j"", ""timestamp"": 1752272030386}, {""key"": ""Backspace"", ""timestamp"": 1752272031730}, {""key"": ""g"", ""timestamp"": 1752272034614}, {""key"": ""Shift"", ""timestamp"": 1752272042201}, {""key"": ""S"", ""timestamp"": 1752272042348}, {""key"": "" "", ""timestamp"": 1752272042808}, {""key"": ""f"", ""timestamp"": 1752272043920}, {""key"": ""b"", ""timestamp"": 1752272052012}, {""key"": ""d"", ""timestamp"": 1752272054908}, {""key"": "" "", ""timestamp"": 1752272055486}, {""key"": ""k"", ""timestamp"": 1752272057601}, {""key"": ""d"", ""timestamp"": 1752272060313}, {""key"": ""i"", ""timestamp"": 1752272065705}, {""key"": ""Backspace"", ""timestamp"": 1752272066401}, {""key"": ""u"", ""timestamp"": 1752272066759}, {""key"": ""a"", ""timestamp"": 1752272067267}, {""key"": ""Backspace"", ""timestamp"": 1752272067839}, {""key"": ""j"", ""timestamp"": 1752272070853}, {""key"": "" "", ""timestamp"": 1752272071282}, {""key"": ""h"", ""timestamp"": 1752272089120}, {""key"": ""c"", ""timestamp"": 1752272091127}, {""key"": ""."", ""timestamp"": 1752272092775}]","[{""error_type"": ""omission"", ""input"": ""\u0631"", ""target"": ""\u062f""}, {""error_type"": ""substitution"", ""input"": ""e"", ""target"": ""r""}, {""error_type"": ""addidtion"", ""input"": ""\u0646\u06be\u062f"", ""target"": ""\u0646\u062f""}, {""error_type"": ""omission"", ""input"": ""\u0631"", ""target"": ""\u062f""}, {""error_type"": ""substitution"", ""input"": ""R"", ""target"": ""E""}, {""error_type"": ""substitution"", ""input"": ""i"", ""target"": ""u""}]",0,7,5,1,10634.5272727273
36,1,windows,"وہ مسلسل چھ دہائیوں تک ادب کی خدمت کرتے رہے۔",1752272095098.0,1752272352973.0,"[{""key"": ""s"", ""timestamp"": 1752272095098}, {""key"": ""h"", ""timestamp"": 1752272098203}, {""key"": "" "", ""timestamp"": 1752272098654}, {""key"": ""m"", ""timestamp"": 1752272099421}, {""key"": ""Backspace"", ""timestamp"": 1752272100239}, {""key"": ""a"", ""timestamp"": 1752272105819}, {""key"": ""s"", ""timestamp"": 1752272109812}, {""key"": ""Backspace"", ""timestamp"": 1752272110630}, {""key"": ""v"", ""timestamp"": 1752272112514}, {""key"": ""l"", ""timestamp"": 1752272113528}, {""key"": ""Backspace"", ""timestamp"": 1752272114291}, {""key"": ""j"", ""timestamp"": 1752272115001}, {""key"": ""Backspace"", ""timestamp"": 1752272115629}, {""key"": ""g"", ""timestamp"": 1752272116833}, {""key"": ""v"", ""timestamp"": 1752272118521}, {""key"": ""g"", ""timestamp"": 1752272119669}, {""key"": "" "", ""timestamp"": 1752272120273}, {""key"": ""o"", ""timestamp"": 1752272135417}, {""key"": ""Backspace"", ""timestamp"": 1752272136160}, {""key"": ""o"", ""timestamp"": 1752272137582}, {""key"": ""Backspace"", ""timestamp"": 1752272137984}, {""key"": ""Shift"", ""timestamp"": 1752272138163}, {""key"": ""O"", ""timestamp"": 1752272138274}, {""key"": ""e"", ""timestamp"": 1752272145037}, {""key"": "" "", ""timestamp"": 1752272145657}, {""key"": ""r"", ""timestamp"": 1752272154084}, {""key"": ""h"", ""timestamp"": 1752272158544}, {""key"": ""j"", ""timestamp"": 1752272160292}, {""key"": ""Shift"", ""timestamp"": 1752272171452}, {""key"": ""Shift"", ""timestamp"": 1752272171951}, {""key"": ""Shift"", ""timestamp"": 1752272171993}, {""key"": ""Shift"", ""timestamp"": 1752272172029}, {""key"": ""Shift"", ""timestamp"": 1752272172064}, {""key"": ""Shift"", ""timestamp"": 1752272172088}, {""key"": ""Shift"", ""timestamp"": 1752272172115}, {""key"": ""Shift"", ""timestamp"": 1752272172155}, {""key"": ""Shift"", ""timestamp"": 1752272172190}, {""key"": ""Shift"", ""timestamp"": 1752272172214}, {""key"": ""Shift"", ""timestamp"": 1752272172252}, {""key"": ""Shift"", ""timestamp"": 1752272172287}, {""key"": ""Shift"", ""timestamp"": 1752272172321}, {""key"": ""Shift"", ""timestamp"": 1752272172357}, {""key"": ""Shift"", ""timestamp"": 1752272172382}, {""key"": ""Shift"", ""timestamp"": 1752272172418}, {""key"": ""Shift"", ""timestamp"": 1752272172454}, {""key"": ""N"", ""timestamp"": 1752272172457}, {""key"": ""n"", ""timestamp"": 1752272173930}, {""key"": ""Backspace"", ""timestamp"": 1752272174805}, {""key"": ""l"", ""timestamp"": 1752272175783}, {""key"": ""s"", ""timestamp"": 1752272178247}, {""key"": ""Shift"", ""timestamp"": 1752272179660}, {""key"": ""Shift"", ""timestamp"": 1752272180164}, {""key"": ""Shift"", ""timestamp"": 1752272180194}, {""key"": ""Shift"", ""timestamp"": 1752272180231}, {""key"": ""Shift"", ""timestamp"": 1752272180265}, {""key"": ""Shift"", ""timestamp"": 1752272180301}, {""key"": ""Shift"", ""timestamp"": 1752272180319}, {""key"": ""Shift"", ""timestamp"": 1752272180356}, {""key"": ""Shift"", ""timestamp"": 1752272180395}, {""key"": ""Shift"", ""timestamp"": 1752272180433}, {""key"": ""Shift"", ""timestamp"": 1752272180451}, {""key"": ""Shift"", ""timestamp"": 1752272180491}, {""key"": ""Shift"", ""timestamp"": 1752272180518}, {""key"": ""Shift"", ""timestamp"": 1752272180557}, {""key"": ""Shift"", ""timestamp"": 1752272180592}, {""key"": ""Shift"", ""timestamp"": 1752272180627}, {""key"": ""Shift"", ""timestamp"": 1752272180663}, {""key"": ""Shift"", ""timestamp"": 1752272180686}, {""key"": ""Shift"", ""timestamp"": 1752272180724}, {""key"": ""Shift"", ""timestamp"": 1752272180758}, {""key"": ""Shift"", ""timestamp"": 1752272180794}, {""key"": ""Shift"", ""timestamp"": 1752272180819}, {""key"": ""Shift"", ""timestamp"": 1752272180855}, {""key"": ""Shift"", ""timestamp"": 1752272180887}, {""key"": ""Shift"", ""timestamp"": 1752272180915}, {""key"": ""Shift"", ""timestamp"": 1752272180953}, {""key"": ""Shift"", ""timestamp"": 1752272180987}, {""key"": ""Shift"", ""timestamp"": 1752272181022}, {""key"": ""Shift"", ""timestamp"": 1752272181056}, {""key"": ""Shift"", ""timestamp"": 1752272181091}, {""key"": ""Shift"", ""timestamp"": 1752272181111}, {""key"": ""Shift"", ""timestamp"": 1752272181147}, {""key"": ""Shift"", ""timestamp"": 1752272181178}, {""key"": ""Shift"", ""timestamp"": 1752272181212}, {""key"": ""Shift"", ""timestamp"": 1752272181258}, {""key"": ""Shift"", ""timestamp"": 1752272181278}, {""key"": ""Shift"", ""timestamp"": 1752272181314}, {""key"": ""Shift"", ""timestamp"": 1752272181350}, {""key"": ""Shift"", ""timestamp"": 1752272181391}, {""key"": ""Shift"", ""timestamp"": 1752272181409}, {""key"": ""Shift"", ""timestamp"": 1752272181448}, {""key"": ""Shift"", ""timestamp"": 1752272181488}, {""key"": ""Shift"", ""timestamp"": 1752272181523}, {""key"": ""Shift"", ""timestamp"": 1752272181541}, {""key"": ""Shift"", ""timestamp"": 1752272181574}, {""key"": ""Shift"", ""timestamp"": 1752272181613}, {""key"": ""Shift"", ""timestamp"": 1752272181648}, {""key"": ""Shift"", ""timestamp"": 1752272181682}, {""key"": ""Shift"", ""timestamp"": 1752272181717}, {""key"": ""Shift"", ""timestamp"": 1752272181752}, {""key"": ""Shift"", ""timestamp"": 1752272181787}, {""key"": ""Shift"", ""timestamp"": 1752272181805}, {""key"": ""Shift"", ""timestamp"": 1752272181842}, {""key"": ""Shift"", ""timestamp"": 1752272181876}, {""key"": ""Shift"", ""timestamp"": 1752272181908}, {""key"": ""Shift"", ""timestamp"": 1752272181943}, {""key"": ""Shift"", ""timestamp"": 1752272181970}, {""key"": ""Shift"", ""timestamp"": 1752272182010}, {""key"": ""Shift"", ""timestamp"": 1752272182050}, {""key"": ""Shift"", ""timestamp"": 1752272182069}, {""key"": ""Shift"", ""timestamp"": 1752272182107}, {""key"": ""Shift"", ""timestamp"": 1752272182147}, {""key"": ""Shift"", ""timestamp"": 1752272182182}, {""key"": ""Shift"", ""timestamp"": 1752272182200}, {""key"": ""Shift"", ""timestamp"": 1752272182237}, {""key"": ""Shift"", ""timestamp"": 1752272182268}, {""key"": ""Shift"", ""timestamp"": 1752272182308}, {""key"": ""Shift"", ""timestamp"": 1752272182333}, {""key"": ""Shift"", ""timestamp"": 1752272182371}, {""key"": ""Shift"", ""timestamp"": 1752272182411}, {""key"": ""Shift"", ""timestamp"": 1752272182446}, {""key"": ""Shift"", ""timestamp"": 1752272182465}, {""key"": ""Shift"", ""timestamp"": 1752272182501}, {""key"": ""Shift"", ""timestamp"": 1752272182537}, {""key"": ""Shift"", ""timestamp"": 1752272182578}, {""key"": ""Shift"", ""timestamp"": 1752272182603}, {""key"": ""Shift"", ""timestamp"": 1752272182638}, {""key"": ""Shift"", ""timestamp"": 1752272182675}, {""key"": ""Shift"", ""timestamp"": 1752272182711}, {""key"": ""Shift"", ""timestamp"": 1752272182736}, {""key"": ""Shift"", ""timestamp"": 1752272182773}, {""key"": ""Shift"", ""timestamp"": 1752272182808}, {""key"": ""Shift"", ""timestamp"": 1752272182842}, {""key"": ""Shift"", ""timestamp"": 1752272182861}, {""key"": ""Shift"", ""timestamp"": 1752272182897}, {""key"": ""Shift"", ""timestamp"": 1752272182932}, {""key"": ""Shift"", ""timestamp"": 1752272182963}, {""key"": ""Shift"", ""timestamp"": 1752272182993}, {""key"": ""Shift"", ""timestamp"": 1752272183030}, {""key"": ""Shift"", ""timestamp"": 1752272183064}, {""key"": ""Shift"", ""timestamp"": 1752272183100}, {""key"": ""Shift"", ""timestamp"": 1752272183126}, {""key"": ""Shift"", ""timestamp"": 1752272183161}, {""key"": ""Shift"", ""timestamp"": 1752272183197}, {""key"": ""Shift"", ""timestamp"": 1752272183230}, {""key"": ""Shift"", ""timestamp"": 1752272183266}, {""key"": ""Shift"", ""timestamp"": 1752272183289}, {""key"": ""Shift"", ""timestamp"": 1752272183323}, {""key"": ""Shift"", ""timestamp"": 1752272183363}, {""key"": ""Shift"", ""timestamp"": 1752272183398}, {""key"": ""Shift"", ""timestamp"": 1752272183431}, {""key"": ""Shift"", ""timestamp"": 1752272183467}, {""key"": ""Shift"", ""timestamp"": 1752272183502}, {""key"": ""Shift"", ""timestamp"": 1752272183521}, {""key"": ""Shift"", ""timestamp"": 1752272183558}, {""key"": ""Shift"", ""timestamp"": 1752272183595}, {""key"": ""Shift"", ""timestamp"": 1752272183633}, {""key"": ""Shift"", ""timestamp"": 1752272183652}, {""key"": ""Shift"", ""timestamp"": 1752272183693}, {""key"": ""Shift"", ""timestamp"": 1752272183731}, {""key"": ""Shift"", ""timestamp"": 1752272183765}, {""key"": ""Shift"", ""timestamp"": 1752272183784}, {""key"": ""Shift"", ""timestamp"": 1752272183821}, {""key"": ""Shift"", ""timestamp"": 1752272183856}, {""key"": ""Shift"", ""timestamp"": 1752272183890}, {""key"": ""Shift"", ""timestamp"": 1752272183925}, {""key"": ""Shift"", ""timestamp"": 1752272183959}, {""key"": ""Shift"", ""timestamp"": 1752272183984}, {""key"": ""Shift"", ""timestamp"": 1752272184018}, {""key"": ""Shift"", ""timestamp"": 1752272184057}, {""key"": ""Shift"", ""timestamp"": 1752272184091}, {""key"": ""Shift"", ""timestamp"": 1752272184127}, {""key"": ""Shift"", ""timestamp"": 1752272184163}, {""key"": ""Shift"", ""timestamp"": 1752272184187}, {""key"": ""Shift"", ""timestamp"": 1752272184224}, {""key"": ""Shift"", ""timestamp"": 1752272184258}, {""key"": ""Shift"", ""timestamp"": 1752272184292}, {""key"": ""Shift"", ""timestamp"": 1752272184312}, {""key"": ""Shift"", ""timestamp"": 1752272184349}, {""key"": ""Shift"", ""timestamp"": 1752272184387}, {""key"": ""Shift"", ""timestamp"": 1752272184425}, {""key"": ""Shift"", ""timestamp"": 1752272184444}, {""key"": ""Shift"", ""timestamp"": 1752272184480}, {""key"": ""Shift"", ""timestamp"": 1752272184517}, {""key"": ""Shift"", ""timestamp"": 1752272184558}, {""key"": ""Shift"", ""timestamp"": 1752272184576}, {""key"": ""Shift"", ""timestamp"": 1752272184613}, {""key"": ""Shift"", ""timestamp"": 1752272184648}, {""key"": ""Shift"", ""timestamp"": 1752272184678}, {""key"": ""Shift"", ""timestamp"": 1752272184714}, {""key"": ""Shift"", ""timestamp"": 1752272184742}, {""key"": ""Shift"", ""timestamp"": 1752272184779}, {""key"": ""Shift"", ""timestamp"": 1752272184814}, {""key"": ""Shift"", ""timestamp"": 1752272184849}, {""key"": ""Shift"", ""timestamp"": 1752272184883}, {""key"": ""Shift"", ""timestamp"": 1752272184919}, {""key"": ""Shift"", ""timestamp"": 1752272184953}, {""key"": ""Shift"", ""timestamp"": 1752272184987}, {""key"": ""Shift"", ""timestamp"": 1752272185007}, {""key"": ""Shift"", ""timestamp"": 1752272185043}, {""key"": ""Shift"", ""timestamp"": 1752272185074}, {""key"": ""Shift"", ""timestamp"": 1752272185113}, {""key"": ""Shift"", ""timestamp"": 1752272185148}, {""key"": ""Shift"", ""timestamp"": 1752272185182}, {""key"": ""Shift"", ""timestamp"": 1752272185218}, {""key"": ""Shift"", ""timestamp"": 1752272185243}, {""key"": ""Shift"", ""timestamp"": 1752272185279}, {""key"": ""Shift"", ""timestamp"": 1752272185314}, {""key"": ""Shift"", ""timestamp"": 1752272185349}, {""key"": ""Shift"", ""timestamp"": 1752272185374}, {""key"": ""Shift"", ""timestamp"": 1752272185401}, {""key"": ""Shift"", ""timestamp"": 1752272185445}, {""key"": ""Shift"", ""timestamp"": 1752272185481}, {""key"": ""Shift"", ""timestamp"": 1752272185516}, {""key"": ""Shift"", ""timestamp"": 1752272185534}, {""key"": ""Shift"", ""timestamp"": 1752272185571}, {""key"": ""Shift"", ""timestamp"": 1752272185606}, {""key"": ""Shift"", ""timestamp"": 1752272185640}, {""key"": ""Shift"", ""timestamp"": 1752272185675}, {""key"": ""Shift"", ""timestamp"": 1752272185710}, {""key"": ""Shift"", ""timestamp"": 1752272185746}, {""key"": ""Shift"", ""timestamp"": 1752272185768}, {""key"": ""Shift"", ""timestamp"": 1752272185807}, {""key"": ""Shift"", ""timestamp"": 1752272185842}, {""key"": ""Shift"", ""timestamp"": 1752272185876}, {""key"": ""Shift"", ""timestamp"": 1752272185912}, {""key"": ""Shift"", ""timestamp"": 1752272185939}, {""key"": ""Shift"", ""timestamp"": 1752272185974}, {""key"": ""Shift"", ""timestamp"": 1752272186010}, {""key"": ""Shift"", ""timestamp"": 1752272186034}, {""key"": ""Shift"", ""timestamp"": 1752272186070}, {""key"": ""Shift"", ""timestamp"": 1752272186095}, {""key"": ""Shift"", ""timestamp"": 1752272186139}, {""key"": ""Shift"", ""timestamp"": 1752272186175}, {""key"": ""Shift"", ""timestamp"": 1752272186194}, {""key"": ""Shift"", ""timestamp"": 1752272186236}, {""key"": ""Shift"", ""timestamp"": 1752272186273}, {""key"": ""Shift"", ""timestamp"": 1752272186298}, {""key"": ""Shift"", ""timestamp"": 1752272186334}, {""key"": ""Shift"", ""timestamp"": 1752272186369}, {""key"": ""Shift"", ""timestamp"": 1752272186404}, {""key"": ""Shift"", ""timestamp"": 1752272186439}, {""key"": ""Shift"", ""timestamp"": 1752272186458}, {""key"": ""Shift"", ""timestamp"": 1752272186492}, {""key"": ""Shift"", ""timestamp"": 1752272186531}, {""key"": ""Shift"", ""timestamp"": 1752272186572}, {""key"": ""Shift"", ""timestamp"": 1752272186597}, {""key"": ""Shift"", ""timestamp"": 1752272186633}, {""key"": ""Shift"", ""timestamp"": 1752272186668}, {""key"": ""Shift"", ""timestamp"": 1752272186704}, {""key"": ""Shift"", ""timestamp"": 1752272186729}, {""key"": ""Shift"", ""timestamp"": 1752272186757}, {""key"": ""Shift"", ""timestamp"": 1752272186790}, {""key"": ""Shift"", ""timestamp"": 1752272186824}, {""key"": ""Shift"", ""timestamp"": 1752272186865}, {""key"": ""Shift"", ""timestamp"": 1752272186888}, {""key"": ""Shift"", ""timestamp"": 1752272186926}, {""key"": ""Shift"", ""timestamp"": 1752272186961}, {""key"": ""Shift"", ""timestamp"": 1752272186987}, {""key"": ""Shift"", ""timestamp"": 1752272187024}, {""key"": ""Shift"", ""timestamp"": 1752272187065}, {""key"": ""Shift"", ""timestamp"": 1752272187089}, {""key"": ""Shift"", ""timestamp"": 1752272187127}, {""key"": ""Shift"", ""timestamp"": 1752272187161}, {""key"": ""Shift"", ""timestamp"": 1752272187193}, {""key"": ""Shift"", ""timestamp"": 1752272187230}, {""key"": ""Shift"", ""timestamp"": 1752272187249}, {""key"": ""Shift"", ""timestamp"": 1752272187291}, {""key"": ""Shift"", ""timestamp"": 1752272187328}, {""key"": ""Shift"", ""timestamp"": 1752272187363}, {""key"": ""Shift"", ""timestamp"": 1752272187382}, {""key"": ""Shift"", ""timestamp"": 1752272187420}, {""key"": ""Shift"", ""timestamp"": 1752272187460}, {""key"": ""Shift"", ""timestamp"": 1752272187483}, {""key"": ""Shift"", ""timestamp"": 1752272187518}, {""key"": ""Shift"", ""timestamp"": 1752272187558}, {""key"": ""Shift"", ""timestamp"": 1752272187592}, {""key"": ""Shift"", ""timestamp"": 1752272187612}, {""key"": ""Shift"", ""timestamp"": 1752272187647}, {""key"": ""Shift"", ""timestamp"": 1752272187682}, {""key"": ""Shift"", ""timestamp"": 1752272187717}, {""key"": ""Shift"", ""timestamp"": 1752272187752}, {""key"": ""Shift"", ""timestamp"": 1752272187787}, {""key"": ""Shift"", ""timestamp"": 1752272187811}, {""key"": ""Shift"", ""timestamp"": 1752272187849}, {""key"": ""Shift"", ""timestamp"": 1752272187881}, {""key"": ""Shift"", ""timestamp"": 1752272187918}, {""key"": ""Shift"", ""timestamp"": 1752272187954}, {""key"": ""Shift"", ""timestamp"": 1752272187978}, {""key"": ""Shift"", ""timestamp"": 1752272188015}, {""key"": ""Shift"", ""timestamp"": 1752272188050}, {""key"": ""Shift"", ""timestamp"": 1752272188086}, {""key"": ""Shift"", ""timestamp"": 1752272188110}, {""key"": ""Shift"", ""timestamp"": 1752272188148}, {""key"": ""Shift"", ""timestamp"": 1752272188173}, {""key"": ""Shift"", ""timestamp"": 1752272188207}, {""key"": ""Shift"", ""timestamp"": 1752272188241}, {""key"": ""Shift"", ""timestamp"": 1752272188280}, {""key"": ""Shift"", ""timestamp"": 1752272188314}, {""key"": ""Shift"", ""timestamp"": 1752272188339}, {""key"": ""Shift"", ""timestamp"": 1752272188378}, {""key"": ""Shift"", ""timestamp"": 1752272188419}, {""key"": ""Shift"", ""timestamp"": 1752272188436}, {""key"": ""Shift"", ""timestamp"": 1752272188474}, {""key"": ""Shift"", ""timestamp"": 1752272188509}, {""key"": ""Shift"", ""timestamp"": 1752272188545}, {""key"": ""Shift"", ""timestamp"": 1752272188573}, {""key"": ""Shift"", ""timestamp"": 1752272188614}, {""key"": ""Shift"", ""timestamp"": 1752272188639}, {""key"": ""Shift"", ""timestamp"": 1752272188675}, {""key"": ""Shift"", ""timestamp"": 1752272188711}, {""key"": ""Shift"", ""timestamp"": 1752272188736}, {""key"": ""Shift"", ""timestamp"": 1752272188774}, {""key"": ""Shift"", ""timestamp"": 1752272188814}, {""key"": ""Shift"", ""timestamp"": 1752272188833}, {""key"": ""Shift"", ""timestamp"": 1752272188874}, {""key"": ""Shift"", ""timestamp"": 1752272188901}, {""key"": ""Shift"", ""timestamp"": 1752272188943}, {""key"": ""Shift"", ""timestamp"": 1752272188980}, {""key"": ""Shift"", ""timestamp"": 1752272188999}, {""key"": ""Shift"", ""timestamp"": 1752272189036}, {""key"": ""Shift"", ""timestamp"": 1752272189072}, {""key"": ""Shift"", ""timestamp"": 1752272189113}, {""key"": ""Shift"", ""timestamp"": 1752272189132}, {""key"": ""Shift"", ""timestamp"": 1752272189169}, {""key"": ""Shift"", ""timestamp"": 1752272189211}, {""key"": ""Shift"", ""timestamp"": 1752272189245}, {""key"": ""Shift"", ""timestamp"": 1752272189268}, {""key"": ""Shift"", ""timestamp"": 1752272189307}, {""key"": ""Shift"", ""timestamp"": 1752272189343}, {""key"": ""Shift"", ""timestamp"": 1752272189369}, {""key"": ""Shift"", ""timestamp"": 1752272189394}, {""key"": ""Shift"", ""timestamp"": 1752272189432}, {""key"": ""Shift"", ""timestamp"": 1752272189467}, {""key"": ""Shift"", ""timestamp"": 1752272189501}, {""key"": ""Shift"", ""timestamp"": 1752272189536}, {""key"": ""Shift"", ""timestamp"": 1752272189571}, {""key"": ""Shift"", ""timestamp"": 1752272189594}, {""key"": ""Shift"", ""timestamp"": 1752272189637}, {""key"": ""Shift"", ""timestamp"": 1752272189659}, {""key"": ""Shift"", ""timestamp"": 1752272189696}, {""key"": ""Shift"", ""timestamp"": 1752272189731}, {""key"": ""Shift"", ""timestamp"": 1752272189765}, {""key"": ""Shift"", ""timestamp"": 1752272189801}, {""key"": ""Shift"", ""timestamp"": 1752272189835}, {""key"": ""Shift"", ""timestamp"": 1752272189871}, {""key"": ""Shift"", ""timestamp"": 1752272189896}, {""key"": ""Shift"", ""timestamp"": 1752272189921}, {""key"": ""Shift"", ""timestamp"": 1752272189960}, {""key"": ""Shift"", ""timestamp"": 1752272189993}, {""key"": ""Shift"", ""timestamp"": 1752272190030}, {""key"": ""Shift"", ""timestamp"": 1752272190064}, {""key"": ""Shift"", ""timestamp"": 1752272190099}, {""key"": ""Shift"", ""timestamp"": 1752272190133}, {""key"": ""Shift"", ""timestamp"": 1752272190169}, {""key"": ""Shift"", ""timestamp"": 1752272190194}, {""key"": ""Shift"", ""timestamp"": 1752272190232}, {""key"": ""Shift"", ""timestamp"": 1752272190257}, {""key"": ""Shift"", ""timestamp"": 1752272190289}, {""key"": ""Shift"", ""timestamp"": 1752272190333}, {""key"": ""Shift"", ""timestamp"": 1752272190354}, {""key"": ""Shift"", ""timestamp"": 1752272190395}, {""key"": ""Shift"", ""timestamp"": 1752272190432}, {""key"": ""Shift"", ""timestamp"": 1752272190451}, {""key"": ""Shift"", ""timestamp"": 1752272190488}, {""key"": ""Shift"", ""timestamp"": 1752272190522}, {""key"": ""Shift"", ""timestamp"": 1752272190558}, {""key"": ""Shift"", ""timestamp"": 1752272190592}, {""key"": ""Shift"", ""timestamp"": 1752272190626}, {""key"": ""Shift"", ""timestamp"": 1752272190661}, {""key"": ""Shift"", ""timestamp"": 1752272190686}, {""key"": ""Shift"", ""timestamp"": 1752272190724}, {""key"": ""Shift"", ""timestamp"": 1752272190758}, {""key"": ""Shift"", ""timestamp"": 1752272190793}, {""key"": ""Shift"", ""timestamp"": 1752272190829}, {""key"": ""Shift"", ""timestamp"": 1752272190853}, {""key"": ""Shift"", ""timestamp"": 1752272190890}, {""key"": ""Shift"", ""timestamp"": 1752272190926}, {""key"": ""Shift"", ""timestamp"": 1752272190951}, {""key"": ""Shift"", ""timestamp"": 1752272190985}, {""key"": ""Shift"", ""timestamp"": 1752272191012}, {""key"": ""Shift"", ""timestamp"": 1752272191057}, {""key"": ""Shift"", ""timestamp"": 1752272191092}, {""key"": ""Shift"", ""timestamp"": 1752272191111}, {""key"": ""Shift"", ""timestamp"": 1752272191148}, {""key"": ""Shift"", ""timestamp"": 1752272191189}, {""key"": ""Shift"", ""timestamp"": 1752272191225}, {""key"": ""Shift"", ""timestamp"": 1752272191249}, {""key"": ""Shift"", ""timestamp"": 1752272191286}, {""key"": ""Shift"", ""timestamp"": 1752272191322}, {""key"": ""Shift"", ""timestamp"": 1752272191348}, {""key"": ""Shift"", ""timestamp"": 1752272191388}, {""key"": ""Shift"", ""timestamp"": 1752272191408}, {""key"": ""Shift"", ""timestamp"": 1752272191446}, {""key"": ""Shift"", ""timestamp"": 1752272191481}, {""key"": ""Shift"", ""timestamp"": 1752272191516}, {""key"": ""Shift"", ""timestamp"": 1752272191550}, {""key"": ""Shift"", ""timestamp"": 1752272191586}, {""key"": ""Shift"", ""timestamp"": 1752272191611}, {""key"": ""Shift"", ""timestamp"": 1752272191647}, {""key"": ""Shift"", ""timestamp"": 1752272191671}, {""key"": ""Shift"", ""timestamp"": 1752272191706}, {""key"": ""Shift"", ""timestamp"": 1752272191742}, {""key"": ""Shift"", ""timestamp"": 1752272191780}, {""key"": ""Shift"", ""timestamp"": 1752272191814}, {""key"": ""Shift"", ""timestamp"": 1752272191850}, {""key"": ""Shift"", ""timestamp"": 1752272191875}, {""key"": ""Shift"", ""timestamp"": 1752272191912}, {""key"": ""Shift"", ""timestamp"": 1752272191938}, {""key"": ""Shift"", ""timestamp"": 1752272191975}, {""key"": ""Shift"", ""timestamp"": 1752272192016}, {""key"": ""Shift"", ""timestamp"": 1752272192034}, {""key"": ""Shift"", ""timestamp"": 1752272192066}, {""key"": ""Shift"", ""timestamp"": 1752272192105}, {""key"": ""Shift"", ""timestamp"": 1752272192141}, {""key"": ""Shift"", ""timestamp"": 1752272192177}, {""key"": ""Shift"", ""timestamp"": 1752272192201}, {""key"": ""Shift"", ""timestamp"": 1752272192238}, {""key"": ""Shift"", ""timestamp"": 1752272192272}, {""key"": ""Shift"", ""timestamp"": 1752272192307}, {""key"": ""Shift"", ""timestamp"": 1752272192343}, {""key"": ""Shift"", ""timestamp"": 1752272192368}, {""key"": ""Shift"", ""timestamp"": 1752272192401}, {""key"": ""Shift"", ""timestamp"": 1752272192443}, {""key"": ""Shift"", ""timestamp"": 1752272192465}, {""key"": ""Shift"", ""timestamp"": 1752272192501}, {""key"": ""Shift"", ""timestamp"": 1752272192537}, {""key"": ""Shift"", ""timestamp"": 1752272192573}, {""key"": ""Shift"", ""timestamp"": 1752272192598}, {""key"": ""Shift"", ""timestamp"": 1752272192634}, {""key"": ""Shift"", ""timestamp"": 1752272192669}, {""key"": ""Shift"", ""timestamp"": 1752272192693}, {""key"": ""Shift"", ""timestamp"": 1752272192731}, {""key"": ""Shift"", ""timestamp"": 1752272192761}, {""key"": ""Shift"", ""timestamp"": 1752272192807}, {""key"": ""Shift"", ""timestamp"": 1752272192826}, {""key"": ""Shift"", ""timestamp"": 1752272192864}, {""key"": ""Shift"", ""timestamp"": 1752272192905}, {""key"": ""Shift"", ""timestamp"": 1752272192939}, {""key"": ""Shift"", ""timestamp"": 1752272192958}, {""key"": ""Shift"", ""timestamp"": 1752272192995}, {""key"": ""Shift"", ""timestamp"": 1752272193029}, {""key"": ""Shift"", ""timestamp"": 1752272193065}, {""key"": ""Shift"", ""timestamp"": 1752272193095}, {""key"": ""Shift"", ""timestamp"": 1752272193137}, {""key"": ""Shift"", ""timestamp"": 1752272193159}, {""key"": ""Shift"", ""timestamp"": 1752272193196}, {""key"": ""Shift"", ""timestamp"": 1752272193231}, {""key"": ""Shift"", ""timestamp"": 1752272193265}, {""key"": ""Shift"", ""timestamp"": 1752272193300}, {""key"": ""Shift"", ""timestamp"": 1752272193335}, {""key"": ""Shift"", ""timestamp"": 1752272193354}, {""key"": ""Shift"", ""timestamp"": 1752272193390}, {""key"": ""Shift"", ""timestamp"": 1752272193426}, {""key"": ""Shift"", ""timestamp"": 1752272193459}, {""key"": ""Shift"", ""timestamp"": 1752272193492}, {""key"": ""Shift"", ""timestamp"": 1752272193530}, {""key"": ""Shift"", ""timestamp"": 1752272193556}, {""key"": ""Shift"", ""timestamp"": 1752272193593}, {""key"": ""Shift"", ""timestamp"": 1752272193633}, {""key"": ""Shift"", ""timestamp"": 1752272193652}, {""key"": ""Shift"", ""timestamp"": 1752272193688}, {""key"": ""Shift"", ""timestamp"": 1752272193724}, {""key"": ""Shift"", ""timestamp"": 1752272193759}, {""key"": ""Shift"", ""timestamp"": 1752272193783}, {""key"": ""Shift"", ""timestamp"": 1752272193816}, {""key"": ""Shift"", ""timestamp"": 1752272193856}, {""key"": ""Shift"", ""timestamp"": 1752272193890}, {""key"": ""Shift"", ""timestamp"": 1752272193925}, {""key"": ""Shift"", ""timestamp"": 1752272193961}, {""key"": ""Shift"", ""timestamp"": 1752272193986}, {""key"": ""Shift"", ""timestamp"": 1752272194024}, {""key"": ""Shift"", ""timestamp"": 1752272194048}, {""key"": ""Shift"", ""timestamp"": 1752272194084}, {""key"": ""Shift"", ""timestamp"": 1752272194119}, {""key"": ""Shift"", ""timestamp"": 1752272194154}, {""key"": ""Shift"", ""timestamp"": 1752272194193}, {""key"": ""Shift"", ""timestamp"": 1752272194214}, {""key"": ""Shift"", ""timestamp"": 1752272194251}, {""key"": ""Shift"", ""timestamp"": 1752272194285}, {""key"": ""Shift"", ""timestamp"": 1752272194320}, {""key"": ""Shift"", ""timestamp"": 1752272194355}, {""key"": ""Shift"", ""timestamp"": 1752272194390}, {""key"": ""Shift"", ""timestamp"": 1752272194415}, {""key"": ""Shift"", ""timestamp"": 1752272194453}, {""key"": ""Shift"", ""timestamp"": 1752272194477}, {""key"": ""Shift"", ""timestamp"": 1752272194510}, {""key"": ""Shift"", ""timestamp"": 1752272194556}, {""key"": ""Shift"", ""timestamp"": 1752272194576}, {""key"": ""Shift"", ""timestamp"": 1752272194612}, {""key"": ""Shift"", ""timestamp"": 1752272194646}, {""key"": ""Shift"", ""timestamp"": 1752272194680}, {""key"": ""Shift"", ""timestamp"": 1752272194716}, {""key"": ""Shift"", ""timestamp"": 1752272194750}, {""key"": ""Shift"", ""timestamp"": 1752272194787}, {""key"": ""Shift"", ""timestamp"": 1752272194812}, {""key"": ""Shift"", ""timestamp"": 1752272194849}, {""key"": ""Shift"", ""timestamp"": 1752272194871}, {""key"": ""Shift"", ""timestamp"": 1752272194910}, {""key"": ""Shift"", ""timestamp"": 1752272194945}, {""key"": ""Shift"", ""timestamp"": 1752272194981}, {""key"": ""Shift"", ""timestamp"": 1752272195015}, {""key"": ""Shift"", ""timestamp"": 1752272195049}, {""key"": ""Shift"", ""timestamp"": 1752272195085}, {""key"": ""Shift"", ""timestamp"": 1752272195103}, {""key"": ""Shift"", ""timestamp"": 1752272195139}, {""key"": ""Shift"", ""timestamp"": 1752272195175}, {""key"": ""Shift"", ""timestamp"": 1752272195206}, {""key"": ""Shift"", ""timestamp"": 1752272195241}, {""key"": ""Shift"", ""timestamp"": 1752272195278}, {""key"": ""Shift"", ""timestamp"": 1752272195313}, {""key"": ""Shift"", ""timestamp"": 1752272195348}, {""key"": ""Shift"", ""timestamp"": 1752272195367}, {""key"": ""Shift"", ""timestamp"": 1752272195408}, {""key"": ""Shift"", ""timestamp"": 1752272195445}, {""key"": ""Shift"", ""timestamp"": 1752272195481}, {""key"": ""Shift"", ""timestamp"": 1752272195499}, {""key"": ""Shift"", ""timestamp"": 1752272195536}, {""key"": ""Shift"", ""timestamp"": 1752272195566}, {""key"": ""Shift"", ""timestamp"": 1752272195605}, {""key"": ""Shift"", ""timestamp"": 1752272195639}, {""key"": ""Shift"", ""timestamp"": 1752272195675}, {""key"": ""Shift"", ""timestamp"": 1752272195710}, {""key"": ""Shift"", ""timestamp"": 1752272195736}, {""key"": ""Shift"", ""timestamp"": 1752272195777}, {""key"": ""Shift"", ""timestamp"": 1752272195798}, {""key"": ""Shift"", ""timestamp"": 1752272195835}, {""key"": ""Shift"", ""timestamp"": 1752272195876}, {""key"": ""Shift"", ""timestamp"": 1752272195899}, {""key"": ""Shift"", ""timestamp"": 1752272195927}, {""key"": ""Shift"", ""timestamp"": 1752272195966}, {""key"": ""Shift"", ""timestamp"": 1752272196001}, {""key"": ""Shift"", ""timestamp"": 1752272196036}, {""key"": ""Shift"", ""timestamp"": 1752272196070}, {""key"": ""Shift"", ""timestamp"": 1752272196106}, {""key"": ""Shift"", ""timestamp"": 1752272196131}, {""key"": ""Shift"", ""timestamp"": 1752272196168}, {""key"": ""Shift"", ""timestamp"": 1752272196203}, {""key"": ""Shift"", ""timestamp"": 1752272196227}, {""key"": ""Shift"", ""timestamp"": 1752272196260}, {""key"": ""Shift"", ""timestamp"": 1752272196305}, {""key"": ""Shift"", ""timestamp"": 1752272196325}, {""key"": ""Shift"", ""timestamp"": 1752272196362}, {""key"": ""Shift"", ""timestamp"": 1752272196397}, {""key"": ""Shift"", ""timestamp"": 1752272196431}, {""key"": ""Shift"", ""timestamp"": 1752272196467}, {""key"": ""Shift"", ""timestamp"": 1752272196491}, {""key"": ""Shift"", ""timestamp"": 1752272196529}, {""key"": ""Shift"", ""timestamp"": 1752272196564}, {""key"": ""Shift"", ""timestamp"": 1752272196586}, {""key"": ""Shift"", ""timestamp"": 1752272196623}, {""key"": ""Shift"", ""timestamp"": 1752272196660}, {""key"": ""Shift"", ""timestamp"": 1752272196695}, {""key"": ""Shift"", ""timestamp"": 1752272196729}, {""key"": ""Shift"", ""timestamp"": 1752272196764}, {""key"": ""Shift"", ""timestamp"": 1752272196799}, {""key"": ""Shift"", ""timestamp"": 1752272196825}, {""key"": ""Shift"", ""timestamp"": 1752272196863}, {""key"": ""Shift"", ""timestamp"": 1752272196897}, {""key"": ""Shift"", ""timestamp"": 1752272196931}, {""key"": ""Shift"", ""timestamp"": 1752272196950}, {""key"": ""Shift"", ""timestamp"": 1752272196990}, {""key"": ""Shift"", ""timestamp"": 1752272197029}, {""key"": ""Shift"", ""timestamp"": 1752272197063}, {""key"": ""Shift"", ""timestamp"": 1752272197098}, {""key"": ""Shift"", ""timestamp"": 1752272197117}, {""key"": ""Shift"", ""timestamp"": 1752272197154}, {""key"": ""Shift"", ""timestamp"": 1752272197188}, {""key"": ""Shift"", ""timestamp"": 1752272197223}, {""key"": ""Shift"", ""timestamp"": 1752272197258}, {""key"": ""Shift"", ""timestamp"": 1752272197282}, {""key"": ""Shift"", ""timestamp"": 1752272197316}, {""key"": ""Shift"", ""timestamp"": 1752272197361}, {""key"": ""Shift"", ""timestamp"": 1752272197381}, {""key"": ""Shift"", ""timestamp"": 1752272197418}, {""key"": ""Shift"", ""timestamp"": 1752272197455}, {""key"": ""Shift"", ""timestamp"": 1752272197478}, {""key"": ""Shift"", ""timestamp"": 1752272197515}, {""key"": ""Shift"", ""timestamp"": 1752272197550}, {""key"": ""Shift"", ""timestamp"": 1752272197593}, {""key"": ""Shift"", ""timestamp"": 1752272197617}, {""key"": ""Shift"", ""timestamp"": 1752272197654}, {""key"": ""Shift"", ""timestamp"": 1752272197677}, {""key"": ""Shift"", ""timestamp"": 1752272197716}, {""key"": ""Shift"", ""timestamp"": 1752272197752}, {""key"": ""Shift"", ""timestamp"": 1752272197777}, {""key"": ""Shift"", ""timestamp"": 1752272197814}, {""key"": ""Shift"", ""timestamp"": 1752272197847}, {""key"": ""Shift"", ""timestamp"": 1752272197887}, {""key"": ""Shift"", ""timestamp"": 1752272197909}, {""key"": ""Shift"", ""timestamp"": 1752272197945}, {""key"": ""Shift"", ""timestamp"": 1752272197976}, {""key"": ""Shift"", ""timestamp"": 1752272198011}, {""key"": ""Shift"", ""timestamp"": 1752272198039}, {""key"": ""Shift"", ""timestamp"": 1752272198077}, {""key"": ""Shift"", ""timestamp"": 1752272198113}, {""key"": ""Shift"", ""timestamp"": 1752272198153}, {""key"": ""Shift"", ""timestamp"": 1752272198172}, {""key"": ""Shift"", ""timestamp"": 1752272198209}, {""key"": ""Shift"", ""timestamp"": 1752272198244}, {""key"": ""Shift"", ""timestamp"": 1752272198278}, {""key"": ""Shift"", ""timestamp"": 1752272198313}, {""key"": ""Shift"", ""timestamp"": 1752272198348}, {""key"": ""Shift"", ""timestamp"": 1752272198372}, {""key"": ""Shift"", ""timestamp"": 1752272198416}, {""key"": ""Shift"", ""timestamp"": 1752272198436}, {""key"": ""Shift"", ""timestamp"": 1752272198473}, {""key"": ""Shift"", ""timestamp"": 1752272198508}, {""key"": ""Shift"", ""timestamp"": 1752272198543}, {""key"": ""Shift"", ""timestamp"": 1752272198578}, {""key"": ""Shift"", ""timestamp"": 1752272198612}, {""key"": ""Shift"", ""timestamp"": 1752272198647}, {""key"": ""Shift"", ""timestamp"": 1752272198671}, {""key"": ""Shift"", ""timestamp"": 1752272198699}, {""key"": ""Shift"", ""timestamp"": 1752272198741}, {""key"": ""Shift"", ""timestamp"": 1752272198780}, {""key"": ""Shift"", ""timestamp"": 1752272198805}, {""key"": ""Shift"", ""timestamp"": 1752272198841}, {""key"": ""Shift"", ""timestamp"": 1752272198876}, {""key"": ""Shift"", ""timestamp"": 1752272198911}, {""key"": ""Shift"", ""timestamp"": 1752272198934}, {""key"": ""Shift"", ""timestamp"": 1752272198974}, {""key"": ""Shift"", ""timestamp"": 1752272199000}, {""key"": ""Shift"", ""timestamp"": 1752272199036}, {""key"": ""Shift"", ""timestamp"": 1752272199066}, {""key"": ""Shift"", ""timestamp"": 1752272199105}, {""key"": ""Shift"", ""timestamp"": 1752272199141}, {""key"": ""Shift"", ""timestamp"": 1752272199167}, {""key"": ""Shift"", ""timestamp"": 1752272199203}, {""key"": ""Shift"", ""timestamp"": 1752272199237}, {""key"": ""Shift"", ""timestamp"": 1752272199272}, {""key"": ""Shift"", ""timestamp"": 1752272199308}, {""key"": ""Shift"", ""timestamp"": 1752272199333}, {""key"": ""Shift"", ""timestamp"": 1752272199369}, {""key"": ""Shift"", ""timestamp"": 1752272199393}, {""key"": ""Shift"", ""timestamp"": 1752272199427}, {""key"": ""Shift"", ""timestamp"": 1752272199466}, {""key"": ""Shift"", ""timestamp"": 1752272199501}, {""key"": ""Shift"", ""timestamp"": 1752272199535}, {""key"": ""Shift"", ""timestamp"": 1752272199570}, {""key"": ""Shift"", ""timestamp"": 1752272199605}, {""key"": ""Shift"", ""timestamp"": 1752272199623}, {""key"": ""Shift"", ""timestamp"": 1752272199661}, {""key"": ""Shift"", ""timestamp"": 1752272199695}, {""key"": ""Shift"", ""timestamp"": 1752272199729}, {""key"": ""Shift"", ""timestamp"": 1752272199761}, {""key"": ""Shift"", ""timestamp"": 1752272199790}, {""key"": ""Shift"", ""timestamp"": 1752272199827}, {""key"": ""Shift"", ""timestamp"": 1752272199862}, {""key"": ""Shift"", ""timestamp"": 1752272199896}, {""key"": ""Shift"", ""timestamp"": 1752272199932}, {""key"": ""Shift"", ""timestamp"": 1752272199966}, {""key"": ""Shift"", ""timestamp"": 1752272199990}, {""key"": ""Shift"", ""timestamp"": 1752272200030}, {""key"": ""Shift"", ""timestamp"": 1752272200054}, {""key"": ""Shift"", ""timestamp"": 1752272200088}, {""key"": ""Shift"", ""timestamp"": 1752272200121}, {""key"": ""Shift"", ""timestamp"": 1752272200160}, {""key"": ""Shift"", ""timestamp"": 1752272200195}, {""key"": ""Shift"", ""timestamp"": 1752272200230}, {""key"": ""Shift"", ""timestamp"": 1752272200266}, {""key"": ""Shift"", ""timestamp"": 1752272200290}, {""key"": ""Shift"", ""timestamp"": 1752272200330}, {""key"": ""Shift"", ""timestamp"": 1752272200353}, {""key"": ""Shift"", ""timestamp"": 1752272200394}, {""key"": ""Shift"", ""timestamp"": 1752272200415}, {""key"": ""Shift"", ""timestamp"": 1752272200453}, {""key"": ""Shift"", ""timestamp"": 1752272200491}, {""key"": ""Shift"", ""timestamp"": 1752272200518}, {""key"": ""Shift"", ""timestamp"": 1752272200557}, {""key"": ""Shift"", ""timestamp"": 1752272200584}, {""key"": ""Shift"", ""timestamp"": 1752272200619}, {""key"": ""Shift"", ""timestamp"": 1752272200654}, {""key"": ""Shift"", ""timestamp"": 1752272200690}, {""key"": ""Shift"", ""timestamp"": 1752272200715}, {""key"": ""Shift"", ""timestamp"": 1752272200752}, {""key"": ""Shift"", ""timestamp"": 1752272200783}, {""key"": ""Shift"", ""timestamp"": 1752272200816}, {""key"": ""Shift"", ""timestamp"": 1752272200856}, {""key"": ""Shift"", ""timestamp"": 1752272200881}, {""key"": ""Shift"", ""timestamp"": 1752272200917}, {""key"": ""Shift"", ""timestamp"": 1752272200953}, {""key"": ""Shift"", ""timestamp"": 1752272200978}, {""key"": ""Shift"", ""timestamp"": 1752272201015}, {""key"": ""Shift"", ""timestamp"": 1752272201050}, {""key"": ""Shift"", ""timestamp"": 1752272201084}, {""key"": ""Shift"", ""timestamp"": 1752272201119}, {""key"": ""Shift"", ""timestamp"": 1752272201155}, {""key"": ""Shift"", ""timestamp"": 1752272201177}, {""key"": ""Shift"", ""timestamp"": 1752272201216}, {""key"": ""Shift"", ""timestamp"": 1752272201250}, {""key"": ""Shift"", ""timestamp"": 1752272201286}, {""key"": ""Shift"", ""timestamp"": 1752272201321}, {""key"": ""Shift"", ""timestamp"": 1752272201346}, {""key"": ""Shift"", ""timestamp"": 1752272201383}, {""key"": ""Shift"", ""timestamp"": 1752272201417}, {""key"": ""Shift"", ""timestamp"": 1752272201453}, {""key"": ""Shift"", ""timestamp"": 1752272201477}, {""key"": ""Shift"", ""timestamp"": 1752272201505}, {""key"": ""Shift"", ""timestamp"": 1752272201539}, {""key"": ""Shift"", ""timestamp"": 1752272201577}, {""key"": ""Shift"", ""timestamp"": 1752272201612}, {""key"": ""Shift"", ""timestamp"": 1752272201646}, {""key"": ""Shift"", ""timestamp"": 1752272201681}, {""key"": ""Shift"", ""timestamp"": 1752272201716}, {""key"": ""Shift"", ""timestamp"": 1752272201751}, {""key"": ""Shift"", ""timestamp"": 1752272201769}, {""key"": ""Shift"", ""timestamp"": 1752272201806}, {""key"": ""Shift"", ""timestamp"": 1752272201841}, {""key"": ""Shift"", ""timestamp"": 1752272201873}, {""key"": ""Shift"", ""timestamp"": 1752272201910}, {""key"": ""Shift"", ""timestamp"": 1752272201946}, {""key"": ""Shift"", ""timestamp"": 1752272201970}, {""key"": ""Shift"", ""timestamp"": 1752272202008}, {""key"": ""Shift"", ""timestamp"": 1752272202043}, {""key"": ""Shift"", ""timestamp"": 1752272202068}, {""key"": ""Shift"", ""timestamp"": 1752272202105}, {""key"": ""Shift"", ""timestamp"": 1752272202141}, {""key"": ""Shift"", ""timestamp"": 1752272202167}, {""key"": ""Shift"", ""timestamp"": 1752272202199}, {""key"": ""Shift"", ""timestamp"": 1752272202240}, {""key"": ""Shift"", ""timestamp"": 1752272202278}, {""key"": ""Shift"", ""timestamp"": 1752272202297}, {""key"": ""Shift"", ""timestamp"": 1752272202334}, {""key"": ""Shift"", ""timestamp"": 1752272202369}, {""key"": ""Shift"", ""timestamp"": 1752272202404}, {""key"": ""Shift"", ""timestamp"": 1752272202439}, {""key"": ""Shift"", ""timestamp"": 1752272202473}, {""key"": ""Shift"", ""timestamp"": 1752272202508}, {""key"": ""Shift"", ""timestamp"": 1752272202543}, {""key"": ""Shift"", ""timestamp"": 1752272202574}, {""key"": ""Shift"", ""timestamp"": 1752272202596}, {""key"": ""Shift"", ""timestamp"": 1752272202633}, {""key"": ""Shift"", ""timestamp"": 1752272202668}, {""key"": ""Shift"", ""timestamp"": 1752272202702}, {""key"": ""Shift"", ""timestamp"": 1752272202738}, {""key"": ""Shift"", ""timestamp"": 1752272202763}, {""key"": ""Shift"", ""timestamp"": 1752272202800}, {""key"": ""Shift"", ""timestamp"": 1752272202825}, {""key"": ""Shift"", ""timestamp"": 1752272202863}, {""key"": ""Shift"", ""timestamp"": 1752272202893}, {""key"": ""Shift"", ""timestamp"": 1752272202927}, {""key"": ""Shift"", ""timestamp"": 1752272202966}, {""key"": ""Shift"", ""timestamp"": 1752272203001}, {""key"": ""Shift"", ""timestamp"": 1752272203036}, {""key"": ""Shift"", ""timestamp"": 1752272203070}, {""key"": ""Shift"", ""timestamp"": 1752272203089}, {""key"": ""Shift"", ""timestamp"": 1752272203126}, {""key"": ""Shift"", ""timestamp"": 1752272203160}, {""key"": ""Shift"", ""timestamp"": 1752272203197}, {""key"": ""Shift"", ""timestamp"": 1752272203220}, {""key"": ""Shift"", ""timestamp"": 1752272203257}, {""key"": ""Shift"", ""timestamp"": 1752272203290}, {""key"": ""Shift"", ""timestamp"": 1752272203327}, {""key"": ""Shift"", ""timestamp"": 1752272203362}, {""key"": ""Shift"", ""timestamp"": 1752272203396}, {""key"": ""Shift"", ""timestamp"": 1752272203431}, {""key"": ""Shift"", ""timestamp"": 1752272203466}, {""key"": ""Shift"", ""timestamp"": 1752272203484}, {""key"": ""Shift"", ""timestamp"": 1752272203523}, {""key"": ""Shift"", ""timestamp"": 1752272203564}, {""key"": ""Shift"", ""timestamp"": 1752272203588}, {""key"": ""Shift"", ""timestamp"": 1752272203621}, {""key"": ""Shift"", ""timestamp"": 1752272203660}, {""key"": ""Shift"", ""timestamp"": 1752272203696}, {""key"": ""Shift"", ""timestamp"": 1752272203729}, {""key"": ""Shift"", ""timestamp"": 1752272203749}, {""key"": ""Shift"", ""timestamp"": 1752272203786}, {""key"": ""Shift"", ""timestamp"": 1752272203822}, {""key"": ""Shift"", ""timestamp"": 1752272203862}, {""key"": ""Shift"", ""timestamp"": 1752272203881}, {""key"": ""Shift"", ""timestamp"": 1752272203917}, {""key"": ""Shift"", ""timestamp"": 1752272203952}, {""key"": ""Shift"", ""timestamp"": 1752272203991}, {""key"": ""Shift"", ""timestamp"": 1752272204012}, {""key"": ""Shift"", ""timestamp"": 1752272204049}, {""key"": ""Shift"", ""timestamp"": 1752272204084}, {""key"": ""Shift"", ""timestamp"": 1752272204119}, {""key"": ""Shift"", ""timestamp"": 1752272204153}, {""key"": ""Shift"", ""timestamp"": 1752272204188}, {""key"": ""Shift"", ""timestamp"": 1752272204223}, {""key"": ""Shift"", ""timestamp"": 1752272204258}, {""key"": ""Shift"", ""timestamp"": 1752272204282}, {""key"": ""Shift"", ""timestamp"": 1752272204309}, {""key"": ""Shift"", ""timestamp"": 1752272204355}, {""key"": ""Shift"", ""timestamp"": 1752272204389}, {""key"": ""Shift"", ""timestamp"": 1752272204408}, {""key"": ""Shift"", ""timestamp"": 1752272204445}, {""key"": ""Shift"", ""timestamp"": 1752272204480}, {""key"": ""Shift"", ""timestamp"": 1752272204515}, {""key"": ""Shift"", ""timestamp"": 1752272204550}, {""key"": ""Shift"", ""timestamp"": 1752272204584}, {""key"": ""Shift"", ""timestamp"": 1752272204621}, {""key"": ""Shift"", ""timestamp"": 1752272204645}, {""key"": ""Shift"", ""timestamp"": 1752272204677}, {""key"": ""Shift"", ""timestamp"": 1752272204715}, {""key"": ""Shift"", ""timestamp"": 1752272204751}, {""key"": ""Shift"", ""timestamp"": 1752272204786}, {""key"": ""Shift"", ""timestamp"": 1752272204804}, {""key"": ""Shift"", ""timestamp"": 1752272204841}, {""key"": ""Shift"", ""timestamp"": 1752272204875}, {""key"": ""Shift"", ""timestamp"": 1752272204911}, {""key"": ""Shift"", ""timestamp"": 1752272204946}, {""key"": ""Shift"", ""timestamp"": 1752272204970}, {""key"": ""Shift"", ""timestamp"": 1752272205010}, {""key"": ""Shift"", ""timestamp"": 1752272205039}, {""key"": ""Shift"", ""timestamp"": 1752272205077}, {""key"": ""Shift"", ""timestamp"": 1752272205111}, {""key"": ""Shift"", ""timestamp"": 1752272205147}, {""key"": ""Shift"", ""timestamp"": 1752272205182}, {""key"": ""Shift"", ""timestamp"": 1752272205200}, {""key"": ""Shift"", ""timestamp"": 1752272205238}, {""key"": ""Shift"", ""timestamp"": 1752272205279}, {""key"": ""Shift"", ""timestamp"": 1752272205304}, {""key"": ""Shift"", ""timestamp"": 1752272205341}, {""key"": ""Shift"", ""timestamp"": 1752272205372}, {""key"": ""Shift"", ""timestamp"": 1752272205413}, {""key"": ""Shift"", ""timestamp"": 1752272205436}, {""key"": ""Shift"", ""timestamp"": 1752272205474}, {""key"": ""Shift"", ""timestamp"": 1752272205499}, {""key"": ""Shift"", ""timestamp"": 1752272205536}, {""key"": ""Shift"", ""timestamp"": 1752272205571}, {""key"": ""Shift"", ""timestamp"": 1752272205606}, {""key"": ""Shift"", ""timestamp"": 1752272205632}, {""key"": ""Shift"", ""timestamp"": 1752272205667}, {""key"": ""Shift"", ""timestamp"": 1752272205699}, {""key"": ""Shift"", ""timestamp"": 1752272205741}, {""key"": ""Shift"", ""timestamp"": 1752272205763}, {""key"": ""Shift"", ""timestamp"": 1752272205800}, {""key"": ""Shift"", ""timestamp"": 1752272205831}, {""key"": ""Shift"", ""timestamp"": 1752272205869}, {""key"": ""Shift"", ""timestamp"": 1752272205904}, {""key"": ""Shift"", ""timestamp"": 1752272205938}, {""key"": ""Shift"", ""timestamp"": 1752272205973}, {""key"": ""Shift"", ""timestamp"": 1752272206008}, {""key"": ""Shift"", ""timestamp"": 1752272206027}, {""key"": ""Shift"", ""timestamp"": 1752272206059}, {""key"": ""Shift"", ""timestamp"": 1752272206106}, {""key"": ""Shift"", ""timestamp"": 1752272206140}, {""key"": ""Shift"", ""timestamp"": 1752272206159}, {""key"": ""Shift"", ""timestamp"": 1752272206195}, {""key"": ""Shift"", ""timestamp"": 1752272206230}, {""key"": ""Shift"", ""timestamp"": 1752272206265}, {""key"": ""Shift"", ""timestamp"": 1752272206300}, {""key"": ""Shift"", ""timestamp"": 1752272206325}, {""key"": ""Shift"", ""timestamp"": 1752272206368}, {""key"": ""Shift"", ""timestamp"": 1752272206394}, {""key"": ""Shift"", ""timestamp"": 1752272206421}, {""key"": ""Shift"", ""timestamp"": 1752272206458}, {""key"": ""Shift"", ""timestamp"": 1752272206494}, {""key"": ""Shift"", ""timestamp"": 1752272206528}, {""key"": ""Shift"", ""timestamp"": 1752272206563}, {""key"": ""Shift"", ""timestamp"": 1752272206599}, {""key"": ""Shift"", ""timestamp"": 1752272206635}, {""key"": ""Shift"", ""timestamp"": 1752272206659}, {""key"": ""Shift"", ""timestamp"": 1752272206697}, {""key"": ""Shift"", ""timestamp"": 1752272206721}, {""key"": ""Shift"", ""timestamp"": 1752272206758}, {""key"": ""Shift"", ""timestamp"": 1752272206789}, {""key"": ""Shift"", ""timestamp"": 1752272206827}, {""key"": ""Shift"", ""timestamp"": 1752272206863}, {""key"": ""Shift"", ""timestamp"": 1752272206896}, {""key"": ""Shift"", ""timestamp"": 1752272206932}, {""key"": ""Shift"", ""timestamp"": 1752272206950}, {""key"": ""Shift"", ""timestamp"": 1752272206987}, {""key"": ""Shift"", ""timestamp"": 1752272207022}, {""key"": ""Shift"", ""timestamp"": 1752272207056}, {""key"": ""Shift"", ""timestamp"": 1752272207088}, {""key"": ""Shift"", ""timestamp"": 1752272207114}, {""key"": ""Shift"", ""timestamp"": 1752272207154}, {""key"": ""Shift"", ""timestamp"": 1752272207188}, {""key"": ""Shift"", ""timestamp"": 1752272207222}, {""key"": ""Shift"", ""timestamp"": 1752272207257}, {""key"": ""Shift"", ""timestamp"": 1752272207292}, {""key"": ""Shift"", ""timestamp"": 1752272207327}, {""key"": ""Shift"", ""timestamp"": 1752272207346}, {""key"": ""Shift"", ""timestamp"": 1752272207383}, {""key"": ""Shift"", ""timestamp"": 1752272207418}, {""key"": ""Shift"", ""timestamp"": 1752272207453}, {""key"": ""Shift"", ""timestamp"": 1752272207491}, {""key"": ""Shift"", ""timestamp"": 1752272207512}, {""key"": ""Shift"", ""timestamp"": 1752272207549}, {""key"": ""Shift"", ""timestamp"": 1752272207584}, {""key"": ""Shift"", ""timestamp"": 1752272207618}, {""key"": ""Shift"", ""timestamp"": 1752272207655}, {""key"": ""Shift"", ""timestamp"": 1752272207680}, {""key"": ""Shift"", ""timestamp"": 1752272207716}, {""key"": ""Shift"", ""timestamp"": 1752272207751}, {""key"": ""Shift"", ""timestamp"": 1752272207776}, {""key"": ""Shift"", ""timestamp"": 1752272207809}, {""key"": ""Shift"", ""timestamp"": 1752272207856}, {""key"": ""Shift"", ""timestamp"": 1752272207873}, {""key"": ""Shift"", ""timestamp"": 1752272207910}, {""key"": ""Shift"", ""timestamp"": 1752272207945}, {""key"": ""Shift"", ""timestamp"": 1752272207980}, {""key"": ""Shift"", ""timestamp"": 1752272208015}, {""key"": ""Shift"", ""timestamp"": 1752272208049}, {""key"": ""Shift"", ""timestamp"": 1752272208084}, {""key"": ""Shift"", ""timestamp"": 1752272208118}, {""key"": ""Shift"", ""timestamp"": 1752272208138}, {""key"": ""Shift"", ""timestamp"": 1752272208170}, {""key"": ""Shift"", ""timestamp"": 1752272208209}, {""key"": ""Shift"", ""timestamp"": 1752272208244}, {""key"": ""Shift"", ""timestamp"": 1752272208279}, {""key"": ""Shift"", ""timestamp"": 1752272208313}, {""key"": ""Shift"", ""timestamp"": 1752272208348}, {""key"": ""Shift"", ""timestamp"": 1752272208383}, {""key"": ""Shift"", ""timestamp"": 1752272208401}, {""key"": ""Shift"", ""timestamp"": 1752272208439}, {""key"": ""Shift"", ""timestamp"": 1752272208473}, {""key"": ""Shift"", ""timestamp"": 1752272208505}, {""key"": ""Shift"", ""timestamp"": 1752272208540}, {""key"": ""Shift"", ""timestamp"": 1752272208579}, {""key"": ""Shift"", ""timestamp"": 1752272208603}, {""key"": ""Shift"", ""timestamp"": 1752272208641}, {""key"": ""Shift"", ""timestamp"": 1752272208665}, {""key"": ""Shift"", ""timestamp"": 1752272208704}, {""key"": ""Shift"", ""timestamp"": 1752272208744}, {""key"": ""Shift"", ""timestamp"": 1752272208780}, {""key"": ""Shift"", ""timestamp"": 1752272208805}, {""key"": ""Shift"", ""timestamp"": 1752272208843}, {""key"": ""Shift"", ""timestamp"": 1752272208864}, {""key"": ""Shift"", ""timestamp"": 1752272208904}, {""key"": ""Shift"", ""timestamp"": 1752272208938}, {""key"": ""Shift"", ""timestamp"": 1752272208972}, {""key"": ""Shift"", ""timestamp"": 1752272209008}, {""key"": ""Shift"", ""timestamp"": 1752272209043}, {""key"": ""Shift"", ""timestamp"": 1752272209061}, {""key"": ""Shift"", ""timestamp"": 1752272209098}, {""key"": ""Shift"", ""timestamp"": 1752272209132}, {""key"": ""Shift"", ""timestamp"": 1752272209167}, {""key"": ""Shift"", ""timestamp"": 1752272209199}, {""key"": ""Shift"", ""timestamp"": 1752272209241}, {""key"": ""Shift"", ""timestamp"": 1752272209262}, {""key"": ""Shift"", ""timestamp"": 1752272209300}, {""key"": ""Shift"", ""timestamp"": 1752272209334}, {""key"": ""Shift"", ""timestamp"": 1752272209370}, {""key"": ""Shift"", ""timestamp"": 1752272209394}, {""key"": ""Shift"", ""timestamp"": 1752272209431}, {""key"": ""Shift"", ""timestamp"": 1752272209466}, {""key"": ""Shift"", ""timestamp"": 1752272209500}, {""key"": ""Shift"", ""timestamp"": 1752272209535}, {""key"": ""Shift"", ""timestamp"": 1752272209559}, {""key"": ""Shift"", ""timestamp"": 1752272209603}, {""key"": ""Shift"", ""timestamp"": 1752272209623}, {""key"": ""Shift"", ""timestamp"": 1752272209660}, {""key"": ""Shift"", ""timestamp"": 1752272209695}, {""key"": ""Shift"", ""timestamp"": 1752272209730}, {""key"": ""Shift"", ""timestamp"": 1752272209765}, {""key"": ""Shift"", ""timestamp"": 1752272209799}, {""key"": ""Shift"", ""timestamp"": 1752272209834}, {""key"": ""Shift"", ""timestamp"": 1752272209869}, {""key"": ""Shift"", ""timestamp"": 1752272209887}, {""key"": ""Shift"", ""timestamp"": 1752272209920}, {""key"": ""Shift"", ""timestamp"": 1752272209960}, {""key"": ""Shift"", ""timestamp"": 1752272210001}, {""key"": ""Shift"", ""timestamp"": 1752272210019}, {""key"": ""Shift"", ""timestamp"": 1752272210057}, {""key"": ""Shift"", ""timestamp"": 1752272210091}, {""key"": ""Shift"", ""timestamp"": 1752272210126}, {""key"": ""Shift"", ""timestamp"": 1752272210160}, {""key"": ""Shift"", ""timestamp"": 1752272210195}, {""key"": ""Shift"", ""timestamp"": 1752272210231}, {""key"": ""Shift"", ""timestamp"": 1752272210260}, {""key"": ""Shift"", ""timestamp"": 1752272210290}, {""key"": ""Shift"", ""timestamp"": 1752272210328}, {""key"": ""Shift"", ""timestamp"": 1752272210363}, {""key"": ""Shift"", ""timestamp"": 1752272210393}, {""key"": ""Shift"", ""timestamp"": 1752272210416}, {""key"": ""Shift"", ""timestamp"": 1752272210453}, {""key"": ""Shift"", ""timestamp"": 1752272210488}, {""key"": ""Shift"", ""timestamp"": 1752272210513}, {""key"": ""Shift"", ""timestamp"": 1752272210550}, {""key"": ""Shift"", ""timestamp"": 1752272210581}, {""key"": ""Shift"", ""timestamp"": 1752272210614}, {""key"": ""Shift"", ""timestamp"": 1752272210656}, {""key"": ""Shift"", ""timestamp"": 1752272210679}, {""key"": ""Shift"", ""timestamp"": 1752272210716}, {""key"": ""Shift"", ""timestamp"": 1752272210752}, {""key"": ""Shift"", ""timestamp"": 1752272210793}, {""key"": ""Shift"", ""timestamp"": 1752272210811}, {""key"": ""Shift"", ""timestamp"": 1752272210847}, {""key"": ""Shift"", ""timestamp"": 1752272210884}, {""key"": ""Shift"", ""timestamp"": 1752272210926}, {""key"": ""Shift"", ""timestamp"": 1752272210950}, {""key"": ""Shift"", ""timestamp"": 1752272210993}, {""key"": ""Shift"", ""timestamp"": 1752272211013}, {""key"": ""Shift"", ""timestamp"": 1752272211051}, {""key"": ""Shift"", ""timestamp"": 1752272211075}, {""key"": ""Shift"", ""timestamp"": 1752272211112}, {""key"": ""Shift"", ""timestamp"": 1752272211148}, {""key"": ""Shift"", ""timestamp"": 1752272211174}, {""key"": ""Shift"", ""timestamp"": 1752272211210}, {""key"": ""Shift"", ""timestamp"": 1752272211244}, {""key"": ""Shift"", ""timestamp"": 1752272211274}, {""key"": ""Shift"", ""timestamp"": 1752272211309}, {""key"": ""Shift"", ""timestamp"": 1752272211339}, {""key"": ""Shift"", ""timestamp"": 1752272211377}, {""key"": ""Shift"", ""timestamp"": 1752272211418}, {""key"": ""Shift"", ""timestamp"": 1752272211454}, {""key"": ""Shift"", ""timestamp"": 1752272211478}, {""key"": ""Shift"", ""timestamp"": 1752272211514}, {""key"": ""Shift"", ""timestamp"": 1752272211550}, {""key"": ""Shift"", ""timestamp"": 1752272211586}, {""key"": ""Shift"", ""timestamp"": 1752272211610}, {""key"": ""Shift"", ""timestamp"": 1752272211646}, {""key"": ""Shift"", ""timestamp"": 1752272211670}, {""key"": ""Shift"", ""timestamp"": 1752272211710}, {""key"": ""Shift"", ""timestamp"": 1752272211744}, {""key"": ""Shift"", ""timestamp"": 1752272211779}, {""key"": ""Shift"", ""timestamp"": 1752272211813}, {""key"": ""Shift"", ""timestamp"": 1752272211847}, {""key"": ""Shift"", ""timestamp"": 1752272211866}, {""key"": ""Shift"", ""timestamp"": 1752272211903}, {""key"": ""Shift"", ""timestamp"": 1752272211938}, {""key"": ""Shift"", ""timestamp"": 1752272211973}, {""key"": ""Shift"", ""timestamp"": 1752272211998}, {""key"": ""Shift"", ""timestamp"": 1752272212040}, {""key"": ""Shift"", ""timestamp"": 1752272212077}, {""key"": ""Shift"", ""timestamp"": 1752272212112}, {""key"": ""Shift"", ""timestamp"": 1752272212130}, {""key"": ""Shift"", ""timestamp"": 1752272212167}, {""key"": ""Shift"", ""timestamp"": 1752272212207}, {""key"": ""Shift"", ""timestamp"": 1752272212244}, {""key"": ""Shift"", ""timestamp"": 1752272212262}, {""key"": ""Shift"", ""timestamp"": 1752272212299}, {""key"": ""Shift"", ""timestamp"": 1752272212334}, {""key"": ""Shift"", ""timestamp"": 1752272212365}, {""key"": ""Shift"", ""timestamp"": 1752272212404}, {""key"": ""Shift"", ""timestamp"": 1752272212438}, {""key"": ""Shift"", ""timestamp"": 1752272212473}, {""key"": ""Shift"", ""timestamp"": 1752272212508}, {""key"": ""Shift"", ""timestamp"": 1752272212526}, {""key"": ""Shift"", ""timestamp"": 1752272212564}, {""key"": ""Shift"", ""timestamp"": 1752272212605}, {""key"": ""Shift"", ""timestamp"": 1752272212640}, {""key"": ""Shift"", ""timestamp"": 1752272212660}, {""key"": ""Shift"", ""timestamp"": 1752272212692}, {""key"": ""Shift"", ""timestamp"": 1752272212725}, {""key"": ""Shift"", ""timestamp"": 1752272212765}, {""key"": ""Shift"", ""timestamp"": 1752272212800}, {""key"": ""Shift"", ""timestamp"": 1752272212834}, {""key"": ""Shift"", ""timestamp"": 1752272212868}, {""key"": ""Shift"", ""timestamp"": 1752272212903}, {""key"": ""Shift"", ""timestamp"": 1752272212922}, {""key"": ""Shift"", ""timestamp"": 1752272212959}, {""key"": ""Shift"", ""timestamp"": 1752272212995}, {""key"": ""Shift"", ""timestamp"": 1752272213029}, {""key"": ""Shift"", ""timestamp"": 1752272213054}, {""key"": ""Shift"", ""timestamp"": 1752272213088}, {""key"": ""F"", ""timestamp"": 1752272213121}, {""key"": "" "", ""timestamp"": 1752272213753}, {""key"": ""u"", ""timestamp"": 1752272216602}, {""key"": ""k"", ""timestamp"": 1752272218113}, {""key"": "" "", ""timestamp"": 1752272218431}, {""key"": ""j"", ""timestamp"": 1752272221088}, {""key"": ""r"", ""timestamp"": 1752272227521}, {""key"": ""i"", ""timestamp"": 1752272231098}, {""key"": "" "", ""timestamp"": 1752272231538}, {""key"": ""k"", ""timestamp"": 1752272231900}, {""key"": ""l"", ""timestamp"": 1752272243400}, {""key"": "" "", ""timestamp"": 1752272244044}, {""key"": ""p"", ""timestamp"": 1752272247705}, {""key"": ""Backspace"", ""timestamp"": 1752272248683}, {""key"": ""p"", ""timestamp"": 1752272249133}, {""key"": ""Backspace"", ""timestamp"": 1752272249876}, {""key"": ""Shift"", ""timestamp"": 1752272250167}, {""key"": ""P"", ""timestamp"": 1752272250550}, {""key"": ""r"", ""timestamp"": 1752272260958}, {""key"": ""a"", ""timestamp"": 1752272300524}, {""key"": ""u"", ""timestamp"": 1752272303821}, {""key"": "" "", ""timestamp"": 1752272304125}, {""key"": ""k"", ""timestamp"": 1752272305958}, {""key"": ""d"", ""timestamp"": 1752272308112}, {""key"": ""u"", ""timestamp"": 1752272310536}, {""key"": ""c"", ""timestamp"": 1752272315615}, {""key"": "" "", ""timestamp"": 1752272316005}, {""key"": ""d"", ""timestamp"": 1752272317567}, {""key"": ""h"", ""timestamp"": 1752272350228}, {""key"": ""c"", ""timestamp"": 1752272352223}, {""key"": ""."", ""timestamp"": 1752272352971}]",[],0,7,5,1,5860.79545454545
37,1,windows,"انہوں نے کہا کہ نہیں یہ فضول خرچی ہوگی۔",1752272356101.0,1752272461406.0,"[{""key"": ""j"", ""timestamp"": 1752272356101}, {""key"": ""f"", ""timestamp"": 1752272357316}, {""key"": ""h"", ""timestamp"": 1752272359408}, {""key"": ""s"", ""timestamp"": 1752272360590}, {""key"": ""Shift"", ""timestamp"": 1752272362027}, {""key"": ""F"", ""timestamp"": 1752272362265}, {""key"": "" "", ""timestamp"": 1752272363366}, {""key"": ""f"", ""timestamp"": 1752272363883}, {""key"": ""c"", ""timestamp"": 1752272364976}, {""key"": ""l"", ""timestamp"": 1752272367386}, {""key"": ""Backspace"", ""timestamp"": 1752272368240}, {""key"": "" "", ""timestamp"": 1752272369186}, {""key"": ""k"", ""timestamp"": 1752272369555}, {""key"": ""h"", ""timestamp"": 1752272370690}, {""key"": ""j"", ""timestamp"": 1752272373447}, {""key"": "" "", ""timestamp"": 1752272374586}, {""key"": ""l"", ""timestamp"": 1752272376305}, {""key"": ""Backspace"", ""timestamp"": 1752272376991}, {""key"": ""k"", ""timestamp"": 1752272377454}, {""key"": ""h"", ""timestamp"": 1752272380638}, {""key"": "" "", ""timestamp"": 1752272381280}, {""key"": ""f"", ""timestamp"": 1752272383382}, {""key"": ""h"", ""timestamp"": 1752272384359}, {""key"": ""l"", ""timestamp"": 1752272386959}, {""key"": ""Shift"", ""timestamp"": 1752272388624}, {""key"": ""F"", ""timestamp"": 1752272389019}, {""key"": "" "", ""timestamp"": 1752272389664}, {""key"": ""l"", ""timestamp"": 1752272391717}, {""key"": ""h"", ""timestamp"": 1752272393404}, {""key"": "" "", ""timestamp"": 1752272393855}, {""key"": ""x"", ""timestamp"": 1752272396476}, {""key"": ""w"", ""timestamp"": 1752272398309}, {""key"": ""Backspace"", ""timestamp"": 1752272399086}, {""key"": ""Shift"", ""timestamp"": 1752272399178}, {""key"": ""W"", ""timestamp"": 1752272399333}, {""key"": ""s"", ""timestamp"": 1752272401859}, {""key"": ""g"", ""timestamp"": 1752272404475}, {""key"": "" "", ""timestamp"": 1752272405014}, {""key"": ""Shift"", ""timestamp"": 1752272408075}, {""key"": ""P"", ""timestamp"": 1752272408221}, {""key"": ""d"", ""timestamp"": 1752272409977}, {""key"": ""Shift"", ""timestamp"": 1752272411989}, {""key"": ""I"", ""timestamp"": 1752272412270}, {""key"": ""Backspace"", ""timestamp"": 1752272412957}, {""key"": ""Shift"", ""timestamp"": 1752272413262}, {""key"": ""I"", ""timestamp"": 1752272413475}, {""key"": ""Backspace"", ""timestamp"": 1752272414869}, {""key"": ""Shift"", ""timestamp"": 1752272417367}, {""key"": ""Shift"", ""timestamp"": 1752272417879}, {""key"": ""Shift"", ""timestamp"": 1752272417903}, {""key"": ""Shift"", ""timestamp"": 1752272417939}, {""key"": ""Shift"", ""timestamp"": 1752272417974}, {""key"": ""Shift"", ""timestamp"": 1752272418009}, {""key"": ""Shift"", ""timestamp"": 1752272418043}, {""key"": ""Shift"", ""timestamp"": 1752272418067}, {""key"": ""Shift"", ""timestamp"": 1752272418113}, {""key"": ""Shift"", ""timestamp"": 1752272418132}, {""key"": ""Shift"", ""timestamp"": 1752272418169}, {""key"": ""Shift"", ""timestamp"": 1752272418204}, {""key"": ""Shift"", ""timestamp"": 1752272418240}, {""key"": ""Shift"", ""timestamp"": 1752272418271}, {""key"": ""Shift"", ""timestamp"": 1752272418308}, {""key"": ""Shift"", ""timestamp"": 1752272418334}, {""key"": ""Shift"", ""timestamp"": 1752272418370}, {""key"": ""Shift"", ""timestamp"": 1752272418401}, {""key"": ""Shift"", ""timestamp"": 1752272418428}, {""key"": ""Shift"", ""timestamp"": 1752272418467}, {""key"": ""Shift"", ""timestamp"": 1752272418501}, {""key"": ""Shift"", ""timestamp"": 1752272418536}, {""key"": ""Shift"", ""timestamp"": 1752272418572}, {""key"": ""Shift"", ""timestamp"": 1752272418606}, {""key"": ""Shift"", ""timestamp"": 1752272418642}, {""key"": ""Shift"", ""timestamp"": 1752272418668}, {""key"": ""Shift"", ""timestamp"": 1752272418704}, {""key"": ""Shift"", ""timestamp"": 1752272418738}, {""key"": ""Shift"", ""timestamp"": 1752272418769}, {""key"": ""Shift"", ""timestamp"": 1752272418800}, {""key"": ""Shift"", ""timestamp"": 1752272418835}, {""key"": ""Shift"", ""timestamp"": 1752272418871}, {""key"": ""Shift"", ""timestamp"": 1752272418905}, {""key"": ""Shift"", ""timestamp"": 1752272418925}, {""key"": ""Shift"", ""timestamp"": 1752272418960}, {""key"": ""Shift"", ""timestamp"": 1752272418995}, {""key"": ""Shift"", ""timestamp"": 1752272419029}, {""key"": ""Shift"", ""timestamp"": 1752272419065}, {""key"": ""Shift"", ""timestamp"": 1752272419089}, {""key"": ""O"", ""timestamp"": 1752272419103}, {""key"": ""i"", ""timestamp"": 1752272423365}, {""key"": ""Backspace"", ""timestamp"": 1752272423984}, {""key"": ""j"", ""timestamp"": 1752272425196}, {""key"": ""Backspace"", ""timestamp"": 1752272425805}, {""key"": ""l"", ""timestamp"": 1752272429855}, {""key"": "" "", ""timestamp"": 1752272430858}, {""key"": ""h"", ""timestamp"": 1752272433066}, {""key"": ""w"", ""timestamp"": 1752272434878}, {""key"": ""Backspace"", ""timestamp"": 1752272435400}, {""key"": ""s"", ""timestamp"": 1752272436822}, {""key"": ""k"", ""timestamp"": 1752272445962}, {""key"": ""Backspace"", ""timestamp"": 1752272447035}, {""key"": ""Shift"", ""timestamp"": 1752272447225}, {""key"": ""K"", ""timestamp"": 1752272447464}, {""key"": ""i"", ""timestamp"": 1752272456934}, {""key"": ""Backspace"", ""timestamp"": 1752272457702}, {""key"": ""Shift"", ""timestamp"": 1752272457946}, {""key"": ""I"", ""timestamp"": 1752272458172}, {""key"": ""l"", ""timestamp"": 1752272459408}, {""key"": ""Backspace"", ""timestamp"": 1752272459974}, {""key"": ""Backspace"", ""timestamp"": 1752272460129}, {""key"": ""l"", ""timestamp"": 1752272460525}, {""key"": ""."", ""timestamp"": 1752272461405}]","[{""error_type"": ""substitution"", ""input"": ""l"", ""target"": ""k""}, {""error_type"": ""substitution"", ""input"": ""I"", ""target"": ""O""}, {""error_type"": ""substitution"", ""input"": ""I"", ""target"": ""O""}, {""error_type"": ""substitution"", ""input"": ""w"", ""target"": ""s""}, {""error_type"": ""addidtion"", ""input"": ""\u06af\u0640\u06cc"", ""target"": ""\u06af\u06cc""}, {""error_type"": ""substitution"", ""input"": ""l"", ""target"": "".""}]",0,7,10,2,2700.12820512821
38,1,windows,"اس کی زیادہ سے زیادہ گہرائی ہزار میٹر ہے",1752272474846.0,1752272628320.0,"[{""key"": ""j"", ""timestamp"": 1752272474846}, {""key"": ""v"", ""timestamp"": 1752272478376}, {""key"": "" "", ""timestamp"": 1752272479040}, {""key"": ""k"", ""timestamp"": 1752272479661}, {""key"": ""l"", ""timestamp"": 1752272481194}, {""key"": "" "", ""timestamp"": 1752272481767}, {""key"": ""Shift"", ""timestamp"": 1752272487819}, {""key"": ""S"", ""timestamp"": 1752272488155}, {""key"": ""l"", ""timestamp"": 1752272490875}, {""key"": ""j"", ""timestamp"": 1752272492090}, {""key"": ""r"", ""timestamp"": 1752272496546}, {""key"": ""h"", ""timestamp"": 1752272502621}, {""key"": "" "", ""timestamp"": 1752272502991}, {""key"": ""v"", ""timestamp"": 1752272505140}, {""key"": ""c"", ""timestamp"": 1752272551660}, {""key"": "" "", ""timestamp"": 1752272552055}, {""key"": ""s"", ""timestamp"": 1752272556993}, {""key"": ""Backspace"", ""timestamp"": 1752272557640}, {""key"": ""Shift"", ""timestamp"": 1752272557904}, {""key"": ""S"", ""timestamp"": 1752272558184}, {""key"": ""Shift"", ""timestamp"": 1752272561304}, {""key"": ""l"", ""timestamp"": 1752272562664}, {""key"": ""a"", ""timestamp"": 1752272563179}, {""key"": ""Backspace"", ""timestamp"": 1752272563809}, {""key"": ""j"", ""timestamp"": 1752272564259}, {""key"": ""r"", ""timestamp"": 1752272566064}, {""key"": ""h"", ""timestamp"": 1752272567802}, {""key"": "" "", ""timestamp"": 1752272568208}, {""key"": ""l"", ""timestamp"": 1752272573493}, {""key"": ""Backspace"", ""timestamp"": 1752272574048}, {""key"": ""k"", ""timestamp"": 1752272574373}, {""key"": ""Backspace"", ""timestamp"": 1752272575139}, {""key"": ""Shift"", ""timestamp"": 1752272575702}, {""key"": ""K"", ""timestamp"": 1752272576020}, {""key"": ""h"", ""timestamp"": 1752272578699}, {""key"": ""d"", ""timestamp"": 1752272580617}, {""key"": ""j"", ""timestamp"": 1752272582102}, {""key"": ""Shift"", ""timestamp"": 1752272583541}, {""key"": ""N"", ""timestamp"": 1752272583815}, {""key"": ""n"", ""timestamp"": 1752272584513}, {""key"": ""Backspace"", ""timestamp"": 1752272585256}, {""key"": ""l"", ""timestamp"": 1752272589203}, {""key"": "" "", ""timestamp"": 1752272590269}, {""key"": ""o"", ""timestamp"": 1752272592441}, {""key"": ""Backspace"", ""timestamp"": 1752272593015}, {""key"": ""Shift"", ""timestamp"": 1752272593464}, {""key"": ""h"", ""timestamp"": 1752272593905}, {""key"": ""z"", ""timestamp"": 1752272595518}, {""key"": ""Backspace"", ""timestamp"": 1752272596076}, {""key"": ""Shift"", ""timestamp"": 1752272598336}, {""key"": ""s"", ""timestamp"": 1752272599337}, {""key"": ""Backspace"", ""timestamp"": 1752272600114}, {""key"": ""Shift"", ""timestamp"": 1752272600299}, {""key"": ""S"", ""timestamp"": 1752272600439}, {""key"": ""a"", ""timestamp"": 1752272602096}, {""key"": ""Backspace"", ""timestamp"": 1752272602689}, {""key"": ""Shift"", ""timestamp"": 1752272605505}, {""key"": ""J"", ""timestamp"": 1752272605912}, {""key"": ""Backspace"", ""timestamp"": 1752272606671}, {""key"": ""j"", ""timestamp"": 1752272606911}, {""key"": ""d"", ""timestamp"": 1752272609151}, {""key"": "" "", ""timestamp"": 1752272609519}, {""key"": ""m"", ""timestamp"": 1752272610634}, {""key"": ""Backspace"", ""timestamp"": 1752272611265}, {""key"": ""a"", ""timestamp"": 1752272612533}, {""key"": ""l"", ""timestamp"": 1752272618068}, {""key"": ""r"", ""timestamp"": 1752272620456}, {""key"": ""Backspace"", ""timestamp"": 1752272621308}, {""key"": ""t"", ""timestamp"": 1752272621443}, {""key"": ""r"", ""timestamp"": 1752272622928}, {""key"": ""Backspace"", ""timestamp"": 1752272623693}, {""key"": ""d"", ""timestamp"": 1752272623948}, {""key"": "" "", ""timestamp"": 1752272624642}, {""key"": ""h"", ""timestamp"": 1752272626640}, {""key"": ""c"", ""timestamp"": 1752272628318}]","[{""error_type"": ""substitution"", ""input"": ""l"", ""target"": ""K""}, {""error_type"": ""substitution"", ""input"": ""z"", ""target"": ""S""}, {""error_type"": ""substitution"", ""input"": ""r"", ""target"": ""t""}]",0,7,13,2,3836.85
39,1,windows,"اک شخص سارے شہر کو ویران کر گیا",1752272632164.0,1752272703672.0,"[{""key"": ""j"", ""timestamp"": 1752272632164}, {""key"": ""k"", ""timestamp"": 1752272632957}, {""key"": "" "", ""timestamp"": 1752272633526}, {""key"": ""v"", ""timestamp"": 1752272635570}, {""key"": ""Backspace"", ""timestamp"": 1752272636203}, {""key"": ""b"", ""timestamp"": 1752272637299}, {""key"": ""Shift"", ""timestamp"": 1752272641166}, {""key"": ""Shift"", ""timestamp"": 1752272641675}, {""key"": ""Shift"", ""timestamp"": 1752272641694}, {""key"": ""Shift"", ""timestamp"": 1752272641731}, {""key"": ""Shift"", ""timestamp"": 1752272641766}, {""key"": ""Shift"", ""timestamp"": 1752272641801}, {""key"": ""Shift"", ""timestamp"": 1752272641836}, {""key"": ""Shift"", ""timestamp"": 1752272641862}, {""key"": ""Shift"", ""timestamp"": 1752272641898}, {""key"": ""Shift"", ""timestamp"": 1752272641932}, {""key"": ""Shift"", ""timestamp"": 1752272641964}, {""key"": ""Shift"", ""timestamp"": 1752272641991}, {""key"": ""Shift"", ""timestamp"": 1752272642030}, {""key"": ""Shift"", ""timestamp"": 1752272642065}, {""key"": ""Shift"", ""timestamp"": 1752272642089}, {""key"": ""P"", ""timestamp"": 1752272642109}, {""key"": ""w"", ""timestamp"": 1752272644433}, {""key"": "" "", ""timestamp"": 1752272645057}, {""key"": ""v"", ""timestamp"": 1752272656184}, {""key"": ""j"", ""timestamp"": 1752272659203}, {""key"": ""d"", ""timestamp"": 1752272661416}, {""key"": ""c"", ""timestamp"": 1752272667975}, {""key"": "" "", ""timestamp"": 1752272668446}, {""key"": ""b"", ""timestamp"": 1752272671185}, {""key"": ""h"", ""timestamp"": 1752272673825}, {""key"": ""d"", ""timestamp"": 1752272675681}, {""key"": "" "", ""timestamp"": 1752272676076}, {""key"": ""l"", ""timestamp"": 1752272678639}, {""key"": ""Backspace"", ""timestamp"": 1752272679438}, {""key"": ""k"", ""timestamp"": 1752272679877}, {""key"": ""s"", ""timestamp"": 1752272682917}, {""key"": "" "", ""timestamp"": 1752272683409}, {""key"": ""s"", ""timestamp"": 1752272683825}, {""key"": ""l"", ""timestamp"": 1752272685608}, {""key"": ""d"", ""timestamp"": 1752272687109}, {""key"": ""a"", ""timestamp"": 1752272687515}, {""key"": ""Backspace"", ""timestamp"": 1752272688303}, {""key"": ""j"", ""timestamp"": 1752272688911}, {""key"": ""n"", ""timestamp"": 1752272690867}, {""key"": "" "", ""timestamp"": 1752272691172}, {""key"": ""Backspace"", ""timestamp"": 1752272691647}, {""key"": ""Backspace"", ""timestamp"": 1752272691825}, {""key"": ""f"", ""timestamp"": 1752272691942}, {""key"": "" "", ""timestamp"": 1752272692397}, {""key"": ""k"", ""timestamp"": 1752272692757}, {""key"": ""d"", ""timestamp"": 1752272694790}, {""key"": "" "", ""timestamp"": 1752272695175}, {""key"": ""Shift"", ""timestamp"": 1752272698518}, {""key"": ""K"", ""timestamp"": 1752272698687}, {""key"": ""l"", ""timestamp"": 1752272702008}, {""key"": ""j"", ""timestamp"": 1752272703671}]","[{""error_type"": ""substitution"", ""input"": ""v"", ""target"": ""b""}, {""error_type"": ""substitution"", ""input"": ""l"", ""target"": ""k""}]",0,7,15,2,2306.70967741935
40,1,windows,"ان کا تعلق پاکستان کے صوبہ سندھ سے تھا",1752272706381.0,1752272848438.0,"[{""key"": ""j"", ""timestamp"": 1752272706381}, {""key"": ""f"", ""timestamp"": 1752272707372}, {""key"": "" "", ""timestamp"": 1752272707755}, {""key"": ""k"", ""timestamp"": 1752272708171}, {""key"": ""j"", ""timestamp"": 1752272709194}, {""key"": "" "", ""timestamp"": 1752272709588}, {""key"": ""u"", ""timestamp"": 1752272712266}, {""key"": ""m"", ""timestamp"": 1752272747644}, {""key"": ""l"", ""timestamp"": 1752272758874}, {""key"": ""Backspace"", ""timestamp"": 1752272759482}, {""key"": ""g"", ""timestamp"": 1752272759910}, {""key"": ""z"", ""timestamp"": 1752272767346}, {""key"": "" "", ""timestamp"": 1752272767796}, {""key"": ""y"", ""timestamp"": 1752272771211}, {""key"": ""j"", ""timestamp"": 1752272772532}, {""key"": ""l"", ""timestamp"": 1752272773096}, {""key"": ""Backspace"", ""timestamp"": 1752272773793}, {""key"": ""k"", ""timestamp"": 1752272774219}, {""key"": ""v"", ""timestamp"": 1752272776829}, {""key"": ""u"", ""timestamp"": 1752272778488}, {""key"": ""j"", ""timestamp"": 1752272779499}, {""key"": ""f"", ""timestamp"": 1752272780705}, {""key"": "" "", ""timestamp"": 1752272781132}, {""key"": ""k"", ""timestamp"": 1752272781455}, {""key"": ""c"", ""timestamp"": 1752272784943}, {""key"": "" "", ""timestamp"": 1752272785255}, {""key"": ""w"", ""timestamp"": 1752272788935}, {""key"": ""s"", ""timestamp"": 1752272792579}, {""key"": ""i"", ""timestamp"": 1752272798925}, {""key"": ""h"", ""timestamp"": 1752272802910}, {""key"": "" "", ""timestamp"": 1752272803419}, {""key"": ""s"", ""timestamp"": 1752272803943}, {""key"": ""Backspace"", ""timestamp"": 1752272804606}, {""key"": ""v"", ""timestamp"": 1752272807475}, {""key"": ""f"", ""timestamp"": 1752272823620}, {""key"": ""r"", ""timestamp"": 1752272831084}, {""key"": ""e"", ""timestamp"": 1752272833450}, {""key"": "" "", ""timestamp"": 1752272833912}, {""key"": ""v"", ""timestamp"": 1752272836301}, {""key"": ""c"", ""timestamp"": 1752272842780}, {""key"": "" "", ""timestamp"": 1752272843260}, {""key"": ""u"", ""timestamp"": 1752272845343}, {""key"": ""e"", ""timestamp"": 1752272847176}, {""key"": ""j"", ""timestamp"": 1752272848436}]","[{""error_type"": ""substitution"", ""input"": ""l"", ""target"": ""k""}]",0,7,16,2,3738.34210526316
41,3,baseline,"crings fi fi paren.",1754316353707.0,1754316408499.0,"[{""key"": ""c"", ""timestamp"": 1754316353707}, {""key"": ""r"", ""timestamp"": 1754316353929}, {""key"": ""i"", ""timestamp"": 1754316354014}, {""key"": ""g"", ""timestamp"": 1754316354156}, {""key"": ""Backspace"", ""timestamp"": 1754316355018}, {""key"": ""ArrowLeft"", ""timestamp"": 1754316356698}, {""key"": ""Delete"", ""timestamp"": 1754316358536}, {""key"": ""i"", ""timestamp"": 1754316362226}, {""key"": ""n"", ""timestamp"": 1754316362481}, {""key"": ""g"", ""timestamp"": 1754316362900}, {""key"": ""Backspace"", ""timestamp"": 1754316364701}, {""key"": ""g"", ""timestamp"": 1754316367004}, {""key"": ""ArrowLeft"", ""timestamp"": 1754316367874}, {""key"": ""ArrowLeft"", ""timestamp"": 1754316368790}, {""key"": ""Delete"", ""timestamp"": 1754316370333}, {""key"": ""Backspace"", ""timestamp"": 1754316371752}, {""key"": ""Delete"", ""timestamp"": 1754316373282}, {""key"": ""i"", ""timestamp"": 1754316405528}, {""key"": ""n"", ""timestamp"": 1754316405699}, {""key"": ""g"", ""timestamp"": 1754316405879}, {""key"": ""s"", ""timestamp"": 1754316406015}, {""key"": "" "", ""timestamp"": 1754316406163}, {""key"": ""f"", ""timestamp"": 1754316406441}, {""key"": ""i"", ""timestamp"": 1754316406569}, {""key"": "" "", ""timestamp"": 1754316406697}, {""key"": ""f"", ""timestamp"": 1754316406922}, {""key"": ""i"", ""timestamp"": 1754316407019}, {""key"": "" "", ""timestamp"": 1754316407147}, {""key"": ""p"", ""timestamp"": 1754316407522}, {""key"": ""a"", ""timestamp"": 1754316407619}, {""key"": ""r"", ""timestamp"": 1754316407800}, {""key"": ""e"", ""timestamp"": 1754316407874}, {""key"": ""n"", ""timestamp"": 1754316408031}, {""key"": ""."", ""timestamp"": 1754316408498}]","[{""error_type"": ""omission"", ""input"": ""g"", ""target"": ""n""}]",0,1,0,0,2883.78947368421
42,3,baseline,"oleadossing gon lorick pells.",1754316409306.0,1754316413703.0,"[{""key"": ""o"", ""timestamp"": 1754316409306}, {""key"": ""l"", ""timestamp"": 1754316409577}, {""key"": ""e"", ""timestamp"": 1754316409780}, {""key"": ""a"", ""timestamp"": 1754316409846}, {""key"": ""d"", ""timestamp"": 1754316410079}, {""key"": ""o"", ""timestamp"": 1754316410334}, {""key"": ""s"", ""timestamp"": 1754316410447}, {""key"": ""s"", ""timestamp"": 1754316410582}, {""key"": ""i"", ""timestamp"": 1754316410709}, {""key"": ""n"", ""timestamp"": 1754316410889}, {""key"": ""g"", ""timestamp"": 1754316410971}, {""key"": "" "", ""timestamp"": 1754316411076}, {""key"": ""g"", ""timestamp"": 1754316411196}, {""key"": ""o"", ""timestamp"": 1754316411331}, {""key"": ""n"", ""timestamp"": 1754316411512}, {""key"": "" "", ""timestamp"": 1754316411661}, {""key"": ""l"", ""timestamp"": 1754316411833}, {""key"": ""o"", ""timestamp"": 1754316412030}, {""key"": ""r"", ""timestamp"": 1754316412224}, {""key"": ""i"", ""timestamp"": 1754316412374}, {""key"": ""c"", ""timestamp"": 1754316412546}, {""key"": ""k"", ""timestamp"": 1754316412628}, {""key"": "" "", ""timestamp"": 1754316412762}, {""key"": ""p"", ""timestamp"": 1754316412928}, {""key"": ""e"", ""timestamp"": 1754316413041}, {""key"": ""l"", ""timestamp"": 1754316413200}, {""key"": ""l"", ""timestamp"": 1754316413349}, {""key"": ""s"", ""timestamp"": 1754316413506}, {""key"": ""."", ""timestamp"": 1754316413702}]","[{""error_type"": ""omission"", ""input"": ""s"", ""target"": ""s""}, {""error_type"": ""transposition"", ""input"": ""ss"", ""target"": ""ss""}, {""error_type"": ""omission"", ""input"": ""l"", ""target"": ""l""}, {""error_type"": ""transposition"", ""input"": ""ll"", ""target"": ""ll""}]",2,3,0,0,151.620689655172
43,3,baseline,"orten depencers wentor sunch fatimand starget.",1754316414661.0,1754316424382.0,"[{""key"": ""o"", ""timestamp"": 1754316414661}, {""key"": ""r"", ""timestamp"": 1754316414804}, {""key"": ""e"", ""timestamp"": 1754316415000}, {""key"": ""Backspace"", ""timestamp"": 1754316415418}, {""key"": ""t"", ""timestamp"": 1754316415547}, {""key"": ""e"", ""timestamp"": 1754316415674}, {""key"": ""n"", ""timestamp"": 1754316415846}, {""key"": "" "", ""timestamp"": 1754316416251}, {""key"": ""d"", ""timestamp"": 1754316416402}, {""key"": ""e"", ""timestamp"": 1754316416821}, {""key"": ""p"", ""timestamp"": 1754316417108}, {""key"": ""e"", ""timestamp"": 1754316417309}, {""key"": ""n"", ""timestamp"": 1754316417504}, {""key"": ""c"", ""timestamp"": 1754316417743}, {""key"": ""e"", ""timestamp"": 1754316417969}, {""key"": ""r"", ""timestamp"": 1754316418089}, {""key"": ""s"", ""timestamp"": 1754316418254}, {""key"": "" "", ""timestamp"": 1754316418457}, {""key"": ""w"", ""timestamp"": 1754316418614}, {""key"": ""e"", ""timestamp"": 1754316418733}, {""key"": ""n"", ""timestamp"": 1754316418922}, {""key"": ""t"", ""timestamp"": 1754316419102}, {""key"": ""o"", ""timestamp"": 1754316419334}, {""key"": ""r"", ""timestamp"": 1754316419446}, {""key"": "" "", ""timestamp"": 1754316419634}, {""key"": ""s"", ""timestamp"": 1754316419829}, {""key"": ""u"", ""timestamp"": 1754316419994}, {""key"": ""n"", ""timestamp"": 1754316420203}, {""key"": ""c"", ""timestamp"": 1754316420339}, {""key"": ""h"", ""timestamp"": 1754316420444}, {""key"": "" "", ""timestamp"": 1754316420640}, {""key"": ""f"", ""timestamp"": 1754316420797}, {""key"": ""a"", ""timestamp"": 1754316420948}, {""key"": ""t"", ""timestamp"": 1754316421367}, {""key"": ""i"", ""timestamp"": 1754316421516}, {""key"": ""m"", ""timestamp"": 1754316421719}, {""key"": ""a"", ""timestamp"": 1754316421815}, {""key"": ""n"", ""timestamp"": 1754316421936}, {""key"": ""d"", ""timestamp"": 1754316422080}, {""key"": "" "", ""timestamp"": 1754316422319}, {""key"": ""s"", ""timestamp"": 1754316422913}, {""key"": ""t"", ""timestamp"": 1754316423131}, {""key"": ""a"", ""timestamp"": 1754316423271}, {""key"": ""r"", ""timestamp"": 1754316423460}, {""key"": ""g"", ""timestamp"": 1754316423766}, {""key"": ""e"", ""timestamp"": 1754316423909}, {""key"": ""t"", ""timestamp"": 1754316424029}, {""key"": ""."", ""timestamp"": 1754316424381}]","[{""error_type"": ""omission"", ""input"": ""e"", ""target"": ""t""}]",2,4,0,0,211.326086956522
44,3,baseline,"kickspeck kifferent pells fi, ints anding fi hanchoin jus resh.",1754316425170.0,1754316438017.0,"[{""key"": ""k"", ""timestamp"": 1754316425170}, {""key"": ""i"", ""timestamp"": 1754316425394}, {""key"": ""c"", ""timestamp"": 1754316425536}, {""key"": ""k"", ""timestamp"": 1754316425701}, {""key"": ""s"", ""timestamp"": 1754316425973}, {""key"": ""p"", ""timestamp"": 1754316426122}, {""key"": ""e"", ""timestamp"": 1754316426243}, {""key"": ""c"", ""timestamp"": 1754316426445}, {""key"": ""k"", ""timestamp"": 1754316426549}, {""key"": "" "", ""timestamp"": 1754316426707}, {""key"": ""k"", ""timestamp"": 1754316426851}, {""key"": ""i"", ""timestamp"": 1754316427022}, {""key"": ""f"", ""timestamp"": 1754316427277}, {""key"": ""f"", ""timestamp"": 1754316427419}, {""key"": ""e"", ""timestamp"": 1754316427592}, {""key"": ""r"", ""timestamp"": 1754316427667}, {""key"": ""e"", ""timestamp"": 1754316427749}, {""key"": ""n"", ""timestamp"": 1754316427892}, {""key"": ""t"", ""timestamp"": 1754316428012}, {""key"": "" "", ""timestamp"": 1754316428349}, {""key"": ""p"", ""timestamp"": 1754316428589}, {""key"": ""e"", ""timestamp"": 1754316428710}, {""key"": ""l"", ""timestamp"": 1754316429024}, {""key"": ""l"", ""timestamp"": 1754316429174}, {""key"": ""s"", ""timestamp"": 1754316429369}, {""key"": "" "", ""timestamp"": 1754316429923}, {""key"": ""f"", ""timestamp"": 1754316430111}, {""key"": ""i"", ""timestamp"": 1754316430269}, {""key"": "","", ""timestamp"": 1754316430614}, {""key"": "" "", ""timestamp"": 1754316430801}, {""key"": ""i"", ""timestamp"": 1754316431132}, {""key"": ""n"", ""timestamp"": 1754316431371}, {""key"": ""t"", ""timestamp"": 1754316431469}, {""key"": ""s"", ""timestamp"": 1754316431590}, {""key"": "" "", ""timestamp"": 1754316431904}, {""key"": ""a"", ""timestamp"": 1754316432054}, {""key"": ""n"", ""timestamp"": 1754316432205}, {""key"": ""d"", ""timestamp"": 1754316432271}, {""key"": ""i"", ""timestamp"": 1754316432503}, {""key"": ""n"", ""timestamp"": 1754316432722}, {""key"": ""g"", ""timestamp"": 1754316432781}, {""key"": "" "", ""timestamp"": 1754316432954}, {""key"": ""f"", ""timestamp"": 1754316433104}, {""key"": ""i"", ""timestamp"": 1754316433246}, {""key"": "" "", ""timestamp"": 1754316433412}, {""key"": ""h"", ""timestamp"": 1754316433841}, {""key"": ""a"", ""timestamp"": 1754316433967}, {""key"": ""n"", ""timestamp"": 1754316434132}, {""key"": ""c"", ""timestamp"": 1754316434628}, {""key"": ""h"", ""timestamp"": 1754316434793}, {""key"": ""o"", ""timestamp"": 1754316435541}, {""key"": ""i"", ""timestamp"": 1754316435790}, {""key"": ""n"", ""timestamp"": 1754316435984}, {""key"": "" "", ""timestamp"": 1754316436164}, {""key"": ""j"", ""timestamp"": 1754316436373}, {""key"": ""u"", ""timestamp"": 1754316436569}, {""key"": ""s"", ""timestamp"": 1754316436674}, {""key"": "" "", ""timestamp"": 1754316436876}, {""key"": ""r"", ""timestamp"": 1754316437176}, {""key"": ""e"", ""timestamp"": 1754316437267}, {""key"": ""s"", ""timestamp"": 1754316437447}, {""key"": ""h"", ""timestamp"": 1754316437582}, {""key"": ""."", ""timestamp"": 1754316438016}]","[{""error_type"": ""omission"", ""input"": ""f"", ""target"": ""f""}, {""error_type"": ""transposition"", ""input"": ""ff"", ""target"": ""ff""}, {""error_type"": ""omission"", ""input"": ""l"", ""target"": ""l""}, {""error_type"": ""transposition"", ""input"": ""ll"", ""target"": ""ll""}]",4,6,0,0,203.920634920635
45,3,baseline,"sevent ruggling happentry rept, tex saidaw lasky upcoren nakes.",1754316438887.0,1754316450617.0,"[{""key"": ""s"", ""timestamp"": 1754316438887}, {""key"": ""e"", ""timestamp"": 1754316439134}, {""key"": ""v"", ""timestamp"": 1754316439322}, {""key"": ""e"", ""timestamp"": 1754316439435}, {""key"": ""n"", ""timestamp"": 1754316439629}, {""key"": ""t"", ""timestamp"": 1754316439779}, {""key"": "" "", ""timestamp"": 1754316440086}, {""key"": ""r"", ""timestamp"": 1754316440476}, {""key"": ""u"", ""timestamp"": 1754316440634}, {""key"": ""g"", ""timestamp"": 1754316440708}, {""key"": ""g"", ""timestamp"": 1754316440859}, {""key"": ""l"", ""timestamp"": 1754316441021}, {""key"": ""i"", ""timestamp"": 1754316441234}, {""key"": ""n"", ""timestamp"": 1754316441429}, {""key"": ""g"", ""timestamp"": 1754316441527}, {""key"": "" "", ""timestamp"": 1754316441721}, {""key"": ""h"", ""timestamp"": 1754316441909}, {""key"": ""a"", ""timestamp"": 1754316442030}, {""key"": ""p"", ""timestamp"": 1754316442201}, {""key"": ""p"", ""timestamp"": 1754316442359}, {""key"": ""e"", ""timestamp"": 1754316442481}, {""key"": ""n"", ""timestamp"": 1754316442607}, {""key"": ""t"", ""timestamp"": 1754316442733}, {""key"": ""r"", ""timestamp"": 1754316442945}, {""key"": ""y"", ""timestamp"": 1754316443095}, {""key"": "" "", ""timestamp"": 1754316443312}, {""key"": ""r"", ""timestamp"": 1754316443485}, {""key"": ""e"", ""timestamp"": 1754316443551}, {""key"": ""p"", ""timestamp"": 1754316443693}, {""key"": ""o"", ""timestamp"": 1754316443806}, {""key"": ""t"", ""timestamp"": 1754316443971}, {""key"": ""Backspace"", ""timestamp"": 1754316444384}, {""key"": ""Backspace"", ""timestamp"": 1754316444549}, {""key"": ""t"", ""timestamp"": 1754316444916}, {""key"": "","", ""timestamp"": 1754316445156}, {""key"": "" "", ""timestamp"": 1754316445322}, {""key"": ""t"", ""timestamp"": 1754316445734}, {""key"": ""e"", ""timestamp"": 1754316445831}, {""key"": ""x"", ""timestamp"": 1754316446102}, {""key"": "" "", ""timestamp"": 1754316446281}, {""key"": ""s"", ""timestamp"": 1754316446483}, {""key"": ""a"", ""timestamp"": 1754316446604}, {""key"": ""i"", ""timestamp"": 1754316446743}, {""key"": ""d"", ""timestamp"": 1754316446821}, {""key"": ""a"", ""timestamp"": 1754316446994}, {""key"": ""w"", ""timestamp"": 1754316447159}, {""key"": "" "", ""timestamp"": 1754316447391}, {""key"": ""l"", ""timestamp"": 1754316447766}, {""key"": ""a"", ""timestamp"": 1754316447871}, {""key"": ""s"", ""timestamp"": 1754316447909}, {""key"": ""k"", ""timestamp"": 1754316448254}, {""key"": ""y"", ""timestamp"": 1754316448390}, {""key"": "" "", ""timestamp"": 1754316448584}, {""key"": ""u"", ""timestamp"": 1754316448779}, {""key"": ""p"", ""timestamp"": 1754316448989}, {""key"": ""c"", ""timestamp"": 1754316449101}, {""key"": ""o"", ""timestamp"": 1754316449252}, {""key"": ""r"", ""timestamp"": 1754316449378}, {""key"": ""e"", ""timestamp"": 1754316449432}, {""key"": ""n"", ""timestamp"": 1754316449606}, {""key"": "" "", ""timestamp"": 1754316449781}, {""key"": ""n"", ""timestamp"": 1754316449972}, {""key"": ""a"", ""timestamp"": 1754316450039}, {""key"": ""k"", ""timestamp"": 1754316450199}, {""key"": ""e"", ""timestamp"": 1754316450324}, {""key"": ""s"", ""timestamp"": 1754316450467}, {""key"": ""."", ""timestamp"": 1754316450616}]","[{""error_type"": ""omission"", ""input"": ""g"", ""target"": ""g""}, {""error_type"": ""transposition"", ""input"": ""gg"", ""target"": ""gg""}, {""error_type"": ""omission"", ""input"": ""p"", ""target"": ""p""}, {""error_type"": ""transposition"", ""input"": ""pp"", ""target"": ""pp""}, {""error_type"": ""addidtion"", ""input"": ""pot"", ""target"": ""pt""}]",6,8,0,1,186.190476190476
46,3,baseline,"ubas tecon bankit, plandle os stis os, besters hannicatrace twent.",1754316451659.0,1754316468836.0,"[{""key"": ""u"", ""timestamp"": 1754316451659}, {""key"": ""b"", ""timestamp"": 1754316451892}, {""key"": ""a"", ""timestamp"": 1754316451989}, {""key"": ""s"", ""timestamp"": 1754316452162}, {""key"": "" "", ""timestamp"": 1754316452289}, {""key"": ""t"", ""timestamp"": 1754316452485}, {""key"": ""e"", ""timestamp"": 1754316452566}, {""key"": ""c"", ""timestamp"": 1754316452809}, {""key"": ""o"", ""timestamp"": 1754316452941}, {""key"": ""n"", ""timestamp"": 1754316453121}, {""key"": "" "", ""timestamp"": 1754316453256}, {""key"": ""b"", ""timestamp"": 1754316453483}, {""key"": ""a"", ""timestamp"": 1754316453593}, {""key"": ""n"", ""timestamp"": 1754316453714}, {""key"": ""k"", ""timestamp"": 1754316453939}, {""key"": ""i"", ""timestamp"": 1754316454150}, {""key"": ""t"", ""timestamp"": 1754316454291}, {""key"": "" "", ""timestamp"": 1754316454428}, {""key"": ""Backspace"", ""timestamp"": 1754316454990}, {""key"": "","", ""timestamp"": 1754316455207}, {""key"": "" "", ""timestamp"": 1754316455378}, {""key"": ""p"", ""timestamp"": 1754316455889}, {""key"": ""a"", ""timestamp"": 1754316456107}, {""key"": ""Backspace"", ""timestamp"": 1754316456429}, {""key"": ""l"", ""timestamp"": 1754316456639}, {""key"": ""a"", ""timestamp"": 1754316456767}, {""key"": ""n"", ""timestamp"": 1754316456970}, {""key"": ""d"", ""timestamp"": 1754316457119}, {""key"": ""l"", ""timestamp"": 1754316457561}, {""key"": ""e"", ""timestamp"": 1754316457713}, {""key"": "" "", ""timestamp"": 1754316457989}, {""key"": ""i"", ""timestamp"": 1754316458221}, {""key"": ""s"", ""timestamp"": 1754316458363}, {""key"": "" "", ""timestamp"": 1754316458477}, {""key"": ""Backspace"", ""timestamp"": 1754316458800}, {""key"": ""Backspace"", ""timestamp"": 1754316458934}, {""key"": ""Backspace"", ""timestamp"": 1754316459091}, {""key"": ""o"", ""timestamp"": 1754316459376}, {""key"": ""s"", ""timestamp"": 1754316459564}, {""key"": "" "", ""timestamp"": 1754316459677}, {""key"": ""s"", ""timestamp"": 1754316459939}, {""key"": ""t"", ""timestamp"": 1754316460090}, {""key"": ""i"", ""timestamp"": 1754316460254}, {""key"": ""s"", ""timestamp"": 1754316460411}, {""key"": "" "", ""timestamp"": 1754316460741}, {""key"": ""s"", ""timestamp"": 1754316461109}, {""key"": ""i"", ""timestamp"": 1754316461228}, {""key"": ""Backspace"", ""timestamp"": 1754316461454}, {""key"": ""Backspace"", ""timestamp"": 1754316461618}, {""key"": ""o"", ""timestamp"": 1754316461860}, {""key"": ""s"", ""timestamp"": 1754316462017}, {""key"": "","", ""timestamp"": 1754316462249}, {""key"": "" "", ""timestamp"": 1754316462414}, {""key"": ""b"", ""timestamp"": 1754316462834}, {""key"": ""e"", ""timestamp"": 1754316462984}, {""key"": ""e"", ""timestamp"": 1754316463059}, {""key"": ""s"", ""timestamp"": 1754316463210}, {""key"": ""t"", ""timestamp"": 1754316463351}, {""key"": ""Backspace"", ""timestamp"": 1754316463660}, {""key"": ""Backspace"", ""timestamp"": 1754316463825}, {""key"": ""Backspace"", ""timestamp"": 1754316463966}, {""key"": ""s"", ""timestamp"": 1754316464394}, {""key"": ""t"", ""timestamp"": 1754316464732}, {""key"": ""e"", ""timestamp"": 1754316464912}, {""key"": ""r"", ""timestamp"": 1754316465017}, {""key"": ""s"", ""timestamp"": 1754316465250}, {""key"": "" "", ""timestamp"": 1754316465497}, {""key"": ""h"", ""timestamp"": 1754316465812}, {""key"": ""a"", ""timestamp"": 1754316466002}, {""key"": ""n"", ""timestamp"": 1754316466111}, {""key"": ""n"", ""timestamp"": 1754316466239}, {""key"": ""i"", ""timestamp"": 1754316466450}, {""key"": ""c"", ""timestamp"": 1754316466578}, {""key"": ""a"", ""timestamp"": 1754316466629}, {""key"": ""t"", ""timestamp"": 1754316466824}, {""key"": ""r"", ""timestamp"": 1754316467020}, {""key"": ""a"", ""timestamp"": 1754316467117}, {""key"": ""c"", ""timestamp"": 1754316467350}, {""key"": ""e"", ""timestamp"": 1754316467447}, {""key"": "" "", ""timestamp"": 1754316467754}, {""key"": ""t"", ""timestamp"": 1754316467908}, {""key"": ""w"", ""timestamp"": 1754316468084}, {""key"": ""e"", ""timestamp"": 1754316468287}, {""key"": ""n"", ""timestamp"": 1754316468406}, {""key"": ""t"", ""timestamp"": 1754316468541}, {""key"": ""."", ""timestamp"": 1754316468835}]","[{""error_type"": ""omission"", ""input"": "" "", ""target"": "",""}, {""error_type"": ""omission"", ""input"": ""a"", ""target"": ""l""}, {""error_type"": ""substitution"", ""input"": ""i"", ""target"": ""o""}, {""error_type"": ""omission"", ""input"": ""s"", ""target"": ""o""}, {""error_type"": ""addidtion"", ""input"": ""ees"", ""target"": ""es""}, {""error_type"": ""omission"", ""input"": ""n"", ""target"": ""n""}, {""error_type"": ""transposition"", ""input"": ""nn"", ""target"": ""nn""}]",7,12,1,2,260.257575757576
47,3,baseline,"savid hannicatrace gred sprin belents gandoff.",1754316469074.0,1754316478532.0,"[{""key"": "" "", ""timestamp"": 1754316469074}, {""key"": ""s"", ""timestamp"": 1754316469846}, {""key"": ""a"", ""timestamp"": 1754316470041}, {""key"": ""v"", ""timestamp"": 1754316470186}, {""key"": ""i"", ""timestamp"": 1754316470393}, {""key"": ""d"", ""timestamp"": 1754316470484}, {""key"": "" "", ""timestamp"": 1754316470636}, {""key"": ""h"", ""timestamp"": 1754316470888}, {""key"": ""a"", ""timestamp"": 1754316470971}, {""key"": ""n"", ""timestamp"": 1754316471115}, {""key"": ""n"", ""timestamp"": 1754316471241}, {""key"": ""i"", ""timestamp"": 1754316471458}, {""key"": ""c"", ""timestamp"": 1754316471894}, {""key"": ""a"", ""timestamp"": 1754316471946}, {""key"": ""t"", ""timestamp"": 1754316472164}, {""key"": ""r"", ""timestamp"": 1754316472343}, {""key"": ""a"", ""timestamp"": 1754316472419}, {""key"": ""c"", ""timestamp"": 1754316472593}, {""key"": ""e"", ""timestamp"": 1754316472674}, {""key"": "" "", ""timestamp"": 1754316472876}, {""key"": ""g"", ""timestamp"": 1754316473035}, {""key"": ""r"", ""timestamp"": 1754316473229}, {""key"": ""a"", ""timestamp"": 1754316473376}, {""key"": ""Backspace"", ""timestamp"": 1754316473756}, {""key"": ""e"", ""timestamp"": 1754316473874}, {""key"": ""d"", ""timestamp"": 1754316474040}, {""key"": "" "", ""timestamp"": 1754316474159}, {""key"": ""s"", ""timestamp"": 1754316474580}, {""key"": ""p"", ""timestamp"": 1754316474765}, {""key"": ""r"", ""timestamp"": 1754316475149}, {""key"": ""i"", ""timestamp"": 1754316475299}, {""key"": ""n"", ""timestamp"": 1754316475494}, {""key"": "" "", ""timestamp"": 1754316475659}, {""key"": ""b"", ""timestamp"": 1754316475907}, {""key"": ""e"", ""timestamp"": 1754316476424}, {""key"": ""l"", ""timestamp"": 1754316476590}, {""key"": ""e"", ""timestamp"": 1754316476768}, {""key"": ""n"", ""timestamp"": 1754316476926}, {""key"": ""t"", ""timestamp"": 1754316477054}, {""key"": ""s"", ""timestamp"": 1754316477174}, {""key"": "" "", ""timestamp"": 1754316477354}, {""key"": ""g"", ""timestamp"": 1754316477529}, {""key"": ""a"", ""timestamp"": 1754316477608}, {""key"": ""n"", ""timestamp"": 1754316477744}, {""key"": ""d"", ""timestamp"": 1754316477866}, {""key"": ""o"", ""timestamp"": 1754316478067}, {""key"": ""f"", ""timestamp"": 1754316478262}, {""key"": ""f"", ""timestamp"": 1754316478398}, {""key"": ""."", ""timestamp"": 1754316478531}]","[{""error_type"": ""omission"", ""input"": ""n"", ""target"": ""n""}, {""error_type"": ""transposition"", ""input"": ""nn"", ""target"": ""nn""}, {""error_type"": ""omission"", ""input"": ""f"", ""target"": ""f""}, {""error_type"": ""transposition"", ""input"": ""ff"", ""target"": ""ff""}]",9,14,1,2,205.608695652174
48,3,baseline,"soundid togetting lenew squick, cancake gred ruggling gon kims.",1754316479236.0,1754316493353.0,"[{""key"": ""s"", ""timestamp"": 1754316479236}, {""key"": ""u"", ""timestamp"": 1754316479453}, {""key"": ""Backspace"", ""timestamp"": 1754316479792}, {""key"": ""o"", ""timestamp"": 1754316480032}, {""key"": ""u"", ""timestamp"": 1754316480182}, {""key"": ""n"", ""timestamp"": 1754316480398}, {""key"": ""d"", ""timestamp"": 1754316480519}, {""key"": ""i"", ""timestamp"": 1754316480676}, {""key"": ""d"", ""timestamp"": 1754316480797}, {""key"": "" "", ""timestamp"": 1754316480932}, {""key"": ""t"", ""timestamp"": 1754316481457}, {""key"": ""o"", ""timestamp"": 1754316481562}, {""key"": ""g"", ""timestamp"": 1754316481749}, {""key"": ""e"", ""timestamp"": 1754316481923}, {""key"": ""t"", ""timestamp"": 1754316482079}, {""key"": ""t"", ""timestamp"": 1754316482199}, {""key"": ""i"", ""timestamp"": 1754316482320}, {""key"": ""n"", ""timestamp"": 1754316482499}, {""key"": ""g"", ""timestamp"": 1754316482566}, {""key"": "" "", ""timestamp"": 1754316482671}, {""key"": ""l"", ""timestamp"": 1754316482814}, {""key"": ""e"", ""timestamp"": 1754316482896}, {""key"": ""n"", ""timestamp"": 1754316483093}, {""key"": ""e"", ""timestamp"": 1754316483287}, {""key"": ""w"", ""timestamp"": 1754316483421}, {""key"": "" "", ""timestamp"": 1754316483701}, {""key"": ""s"", ""timestamp"": 1754316483919}, {""key"": ""q"", ""timestamp"": 1754316484322}, {""key"": ""u"", ""timestamp"": 1754316484563}, {""key"": ""i"", ""timestamp"": 1754316484749}, {""key"": ""c"", ""timestamp"": 1754316484893}, {""key"": ""k"", ""timestamp"": 1754316485019}, {""key"": "" "", ""timestamp"": 1754316485170}, {""key"": ""Backspace"", ""timestamp"": 1754316485567}, {""key"": "","", ""timestamp"": 1754316485836}, {""key"": "" "", ""timestamp"": 1754316485926}, {""key"": ""c"", ""timestamp"": 1754316486452}, {""key"": ""a"", ""timestamp"": 1754316486557}, {""key"": ""n"", ""timestamp"": 1754316486646}, {""key"": ""a"", ""timestamp"": 1754316486984}, {""key"": ""Backspace"", ""timestamp"": 1754316487306}, {""key"": ""c"", ""timestamp"": 1754316487405}, {""key"": ""a"", ""timestamp"": 1754316487472}, {""key"": ""k"", ""timestamp"": 1754316487756}, {""key"": ""e"", ""timestamp"": 1754316487936}, {""key"": "" "", ""timestamp"": 1754316488244}, {""key"": ""g"", ""timestamp"": 1754316488718}, {""key"": ""r"", ""timestamp"": 1754316488897}, {""key"": ""a"", ""timestamp"": 1754316489024}, {""key"": ""Backspace"", ""timestamp"": 1754316489324}, {""key"": ""e"", ""timestamp"": 1754316489407}, {""key"": ""d"", ""timestamp"": 1754316489571}, {""key"": "" "", ""timestamp"": 1754316489715}, {""key"": ""r"", ""timestamp"": 1754316490179}, {""key"": ""u"", ""timestamp"": 1754316490337}, {""key"": ""g"", ""timestamp"": 1754316490493}, {""key"": ""g"", ""timestamp"": 1754316490726}, {""key"": ""l"", ""timestamp"": 1754316490816}, {""key"": ""i"", ""timestamp"": 1754316491071}, {""key"": ""n"", ""timestamp"": 1754316491282}, {""key"": ""g"", ""timestamp"": 1754316491350}, {""key"": "" "", ""timestamp"": 1754316491521}, {""key"": ""g"", ""timestamp"": 1754316491762}, {""key"": ""o"", ""timestamp"": 1754316491897}, {""key"": ""n"", ""timestamp"": 1754316492077}, {""key"": "" "", ""timestamp"": 1754316492227}, {""key"": ""k"", ""timestamp"": 1754316492362}, {""key"": ""i"", ""timestamp"": 1754316492534}, {""key"": ""m"", ""timestamp"": 1754316492736}, {""key"": ""s"", ""timestamp"": 1754316492976}, {""key"": ""."", ""timestamp"": 1754316493352}]","[{""error_type"": ""omission"", ""input"": ""u"", ""target"": ""o""}, {""error_type"": ""omission"", ""input"": ""t"", ""target"": ""t""}, {""error_type"": ""transposition"", ""input"": ""tt"", ""target"": ""tt""}, {""error_type"": ""omission"", ""input"": "" "", ""target"": "",""}, {""error_type"": ""omission"", ""input"": ""a"", ""target"": ""c""}, {""error_type"": ""omission"", ""input"": ""g"", ""target"": ""g""}, {""error_type"": ""transposition"", ""input"": ""gg"", ""target"": ""gg""}]",11,19,1,2,224.079365079365
49,3,baseline,"tast os askets classengers, jobjector tanin fi, besters gast.",1754316494304.0,1754316507317.0,"[{""key"": ""t"", ""timestamp"": 1754316494304}, {""key"": ""a"", ""timestamp"": 1754316494706}, {""key"": ""s"", ""timestamp"": 1754316494710}, {""key"": ""t"", ""timestamp"": 1754316494814}, {""key"": "" "", ""timestamp"": 1754316495153}, {""key"": ""o"", ""timestamp"": 1754316495256}, {""key"": ""s"", ""timestamp"": 1754316495324}, {""key"": "" "", ""timestamp"": 1754316495519}, {""key"": ""a"", ""timestamp"": 1754316495805}, {""key"": ""s"", ""timestamp"": 1754316495924}, {""key"": ""k"", ""timestamp"": 1754316496157}, {""key"": ""e"", ""timestamp"": 1754316496276}, {""key"": ""t"", ""timestamp"": 1754316496441}, {""key"": ""s"", ""timestamp"": 1754316496705}, {""key"": "" "", ""timestamp"": 1754316496922}, {""key"": ""c"", ""timestamp"": 1754316497260}, {""key"": ""l"", ""timestamp"": 1754316497394}, {""key"": ""a"", ""timestamp"": 1754316497515}, {""key"": ""s"", ""timestamp"": 1754316497693}, {""key"": ""s"", ""timestamp"": 1754316497852}, {""key"": ""e"", ""timestamp"": 1754316498069}, {""key"": ""n"", ""timestamp"": 1754316498219}, {""key"": ""g"", ""timestamp"": 1754316498318}, {""key"": ""e"", ""timestamp"": 1754316498443}, {""key"": ""r"", ""timestamp"": 1754316498550}, {""key"": ""s"", ""timestamp"": 1754316498684}, {""key"": "","", ""timestamp"": 1754316498991}, {""key"": "" "", ""timestamp"": 1754316499165}, {""key"": ""j"", ""timestamp"": 1754316499675}, {""key"": ""o"", ""timestamp"": 1754316500102}, {""key"": ""b"", ""timestamp"": 1754316500372}, {""key"": ""j"", ""timestamp"": 1754316500822}, {""key"": ""k"", ""timestamp"": 1754316500836}, {""key"": ""e"", ""timestamp"": 1754316501060}, {""key"": ""Backspace"", ""timestamp"": 1754316501355}, {""key"": ""Backspace"", ""timestamp"": 1754316501489}, {""key"": ""e"", ""timestamp"": 1754316502030}, {""key"": ""c"", ""timestamp"": 1754316502224}, {""key"": ""t"", ""timestamp"": 1754316502420}, {""key"": ""o"", ""timestamp"": 1754316502554}, {""key"": ""r"", ""timestamp"": 1754316502644}, {""key"": "" "", ""timestamp"": 1754316502884}, {""key"": ""t"", ""timestamp"": 1754316502996}, {""key"": ""a"", ""timestamp"": 1754316503131}, {""key"": ""n"", ""timestamp"": 1754316503283}, {""key"": ""i"", ""timestamp"": 1754316503492}, {""key"": ""n"", ""timestamp"": 1754316503634}, {""key"": "" "", ""timestamp"": 1754316503874}, {""key"": ""f"", ""timestamp"": 1754316504138}, {""key"": ""i"", ""timestamp"": 1754316504234}, {""key"": "","", ""timestamp"": 1754316504527}, {""key"": "" "", ""timestamp"": 1754316504686}, {""key"": ""b"", ""timestamp"": 1754316504969}, {""key"": ""e"", ""timestamp"": 1754316505066}, {""key"": ""s"", ""timestamp"": 1754316505232}, {""key"": ""t"", ""timestamp"": 1754316505352}, {""key"": ""e"", ""timestamp"": 1754316505495}, {""key"": ""r"", ""timestamp"": 1754316505614}, {""key"": ""s"", ""timestamp"": 1754316505772}, {""key"": "" "", ""timestamp"": 1754316506297}, {""key"": ""g"", ""timestamp"": 1754316506447}, {""key"": ""a"", ""timestamp"": 1754316506499}, {""key"": ""s"", ""timestamp"": 1754316506732}, {""key"": ""t"", ""timestamp"": 1754316506882}, {""key"": ""."", ""timestamp"": 1754316507316}]","[{""error_type"": ""omission"", ""input"": ""s"", ""target"": ""s""}, {""error_type"": ""transposition"", ""input"": ""ss"", ""target"": ""ss""}, {""error_type"": ""addidtion"", ""input"": ""jke"", ""target"": ""je""}]",12,20,1,3,213.327868852459
50,3,baseline,"shood yeardering nat os twent kickspeck, thebemmer clively sprin hanchoin.",1754316508022.0,1754316524313.0,"[{""key"": ""s"", ""timestamp"": 1754316508022}, {""key"": ""h"", ""timestamp"": 1754316508179}, {""key"": ""o"", ""timestamp"": 1754316508427}, {""key"": ""o"", ""timestamp"": 1754316508517}, {""key"": ""d"", ""timestamp"": 1754316508705}, {""key"": "" "", ""timestamp"": 1754316508855}, {""key"": ""y"", ""timestamp"": 1754316509116}, {""key"": ""e"", ""timestamp"": 1754316509206}, {""key"": ""a"", ""timestamp"": 1754316509274}, {""key"": ""r"", ""timestamp"": 1754316509452}, {""key"": ""d"", ""timestamp"": 1754316509739}, {""key"": ""e"", ""timestamp"": 1754316510084}, {""key"": ""r"", ""timestamp"": 1754316510175}, {""key"": ""i"", ""timestamp"": 1754316510353}, {""key"": ""n"", ""timestamp"": 1754316510557}, {""key"": ""g"", ""timestamp"": 1754316510670}, {""key"": "" "", ""timestamp"": 1754316510766}, {""key"": ""n"", ""timestamp"": 1754316510939}, {""key"": ""a"", ""timestamp"": 1754316511037}, {""key"": ""t"", ""timestamp"": 1754316511179}, {""key"": "" "", ""timestamp"": 1754316511539}, {""key"": ""o"", ""timestamp"": 1754316511847}, {""key"": ""s"", ""timestamp"": 1754316511944}, {""key"": "" "", ""timestamp"": 1754316512042}, {""key"": ""t"", ""timestamp"": 1754316512297}, {""key"": ""w"", ""timestamp"": 1754316512394}, {""key"": ""e"", ""timestamp"": 1754316512642}, {""key"": ""n"", ""timestamp"": 1754316512798}, {""key"": ""t"", ""timestamp"": 1754316512912}, {""key"": "" "", ""timestamp"": 1754316513032}, {""key"": ""k"", ""timestamp"": 1754316513549}, {""key"": ""i"", ""timestamp"": 1754316513745}, {""key"": ""c"", ""timestamp"": 1754316513879}, {""key"": ""k"", ""timestamp"": 1754316514021}, {""key"": ""s"", ""timestamp"": 1754316514306}, {""key"": ""p"", ""timestamp"": 1754316514614}, {""key"": ""e"", ""timestamp"": 1754316514771}, {""key"": ""c"", ""timestamp"": 1754316514997}, {""key"": ""k"", ""timestamp"": 1754316515169}, {""key"": "" "", ""timestamp"": 1754316515320}, {""key"": ""Backspace"", ""timestamp"": 1754316515612}, {""key"": "","", ""timestamp"": 1754316515852}, {""key"": "" "", ""timestamp"": 1754316516002}, {""key"": ""t"", ""timestamp"": 1754316516159}, {""key"": ""h"", ""timestamp"": 1754316516273}, {""key"": ""e"", ""timestamp"": 1754316516376}, {""key"": ""m"", ""timestamp"": 1754316516609}, {""key"": ""b"", ""timestamp"": 1754316516903}, {""key"": ""Backspace"", ""timestamp"": 1754316517240}, {""key"": ""Backspace"", ""timestamp"": 1754316517397}, {""key"": ""b"", ""timestamp"": 1754316518196}, {""key"": ""e"", ""timestamp"": 1754316518282}, {""key"": ""m"", ""timestamp"": 1754316518522}, {""key"": ""m"", ""timestamp"": 1754316518657}, {""key"": ""e"", ""timestamp"": 1754316518956}, {""key"": ""r"", ""timestamp"": 1754316519084}, {""key"": "" "", ""timestamp"": 1754316519406}, {""key"": ""c"", ""timestamp"": 1754316519594}, {""key"": ""l"", ""timestamp"": 1754316520075}, {""key"": ""i"", ""timestamp"": 1754316520300}, {""key"": ""v"", ""timestamp"": 1754316520426}, {""key"": ""e"", ""timestamp"": 1754316520637}, {""key"": ""l"", ""timestamp"": 1754316520786}, {""key"": ""y"", ""timestamp"": 1754316520944}, {""key"": "" "", ""timestamp"": 1754316521283}, {""key"": ""s"", ""timestamp"": 1754316521447}, {""key"": ""p"", ""timestamp"": 1754316521611}, {""key"": ""r"", ""timestamp"": 1754316521851}, {""key"": ""i"", ""timestamp"": 1754316521971}, {""key"": ""n"", ""timestamp"": 1754316522167}, {""key"": "" "", ""timestamp"": 1754316522361}, {""key"": ""h"", ""timestamp"": 1754316522640}, {""key"": ""a"", ""timestamp"": 1754316522767}, {""key"": ""n"", ""timestamp"": 1754316522895}, {""key"": ""c"", ""timestamp"": 1754316523112}, {""key"": ""h"", ""timestamp"": 1754316523225}, {""key"": ""o"", ""timestamp"": 1754316523434}, {""key"": ""i"", ""timestamp"": 1754316523538}, {""key"": ""n"", ""timestamp"": 1754316523765}, {""key"": ""."", ""timestamp"": 1754316524312}]","[{""error_type"": ""omission"", ""input"": ""o"", ""target"": ""o""}, {""error_type"": ""transposition"", ""input"": ""oo"", ""target"": ""oo""}, {""error_type"": ""omission"", ""input"": "" "", ""target"": "",""}, {""error_type"": ""addidtion"", ""input"": ""emb"", ""target"": ""eb""}, {""error_type"": ""omission"", ""input"": ""m"", ""target"": ""m""}, {""error_type"": ""transposition"", ""input"": ""mm"", ""target"": ""mm""}]",14,23,1,4,220.148648648649
51,4,baseline,"crings fi fi paren.",1754317654832.0,1754317658019.0,"[{""key"": ""c"", ""timestamp"": 1754317654832}, {""key"": ""r"", ""timestamp"": 1754317655505}, {""key"": ""i"", ""timestamp"": 1754317655639}, {""key"": ""n"", ""timestamp"": 1754317655841}, {""key"": ""g"", ""timestamp"": 1754317655938}, {""key"": ""s"", ""timestamp"": 1754317656021}, {""key"": "" "", ""timestamp"": 1754317656179}, {""key"": ""f"", ""timestamp"": 1754317656330}, {""key"": ""i"", ""timestamp"": 1754317656381}, {""key"": "" "", ""timestamp"": 1754317656509}, {""key"": ""f"", ""timestamp"": 1754317656644}, {""key"": ""i"", ""timestamp"": 1754317656831}, {""key"": "" "", ""timestamp"": 1754317656936}, {""key"": ""p"", ""timestamp"": 1754317657176}, {""key"": ""a"", ""timestamp"": 1754317657267}, {""key"": ""r"", ""timestamp"": 1754317657379}, {""key"": ""e"", ""timestamp"": 1754317657456}, {""key"": ""n"", ""timestamp"": 1754317657582}, {""key"": ""."", ""timestamp"": 1754317658018}]",[],0,0,0,0,167.736842105263
52,4,baseline,"oleadossing gon lorick pells.",1754317659015.0,1754317665946.0,"[{""key"": ""o"", ""timestamp"": 1754317659015}, {""key"": ""l"", ""timestamp"": 1754317659269}, {""key"": ""e"", ""timestamp"": 1754317659516}, {""key"": ""a"", ""timestamp"": 1754317659607}, {""key"": ""d"", ""timestamp"": 1754317659831}, {""key"": ""o"", ""timestamp"": 1754317660027}, {""key"": ""s"", ""timestamp"": 1754317660184}, {""key"": ""s"", ""timestamp"": 1754317660334}, {""key"": ""i"", ""timestamp"": 1754317660433}, {""key"": ""n"", ""timestamp"": 1754317660634}, {""key"": ""g"", ""timestamp"": 1754317660709}, {""key"": "" "", ""timestamp"": 1754317660829}, {""key"": ""g"", ""timestamp"": 1754317660905}, {""key"": ""o"", ""timestamp"": 1754317661039}, {""key"": ""n"", ""timestamp"": 1754317661234}, {""key"": "" "", ""timestamp"": 1754317661414}, {""key"": ""l"", ""timestamp"": 1754317661557}, {""key"": ""o"", ""timestamp"": 1754317661706}, {""key"": ""r"", ""timestamp"": 1754317661887}, {""key"": ""i"", ""timestamp"": 1754317662001}, {""key"": ""c"", ""timestamp"": 1754317662186}, {""key"": ""k"", ""timestamp"": 1754317662254}, {""key"": "" "", ""timestamp"": 1754317662441}, {""key"": ""p"", ""timestamp"": 1754317662600}, {""key"": ""e"", ""timestamp"": 1754317662689}, {""key"": ""l"", ""timestamp"": 1754317663057}, {""key"": ""s"", ""timestamp"": 1754317663251}, {""key"": ""Backspace"", ""timestamp"": 1754317663747}, {""key"": ""k"", ""timestamp"": 1754317664078}, {""key"": ""s"", ""timestamp"": 1754317664220}, {""key"": ""Backspace"", ""timestamp"": 1754317664692}, {""key"": ""Backspace"", ""timestamp"": 1754317664834}, {""key"": ""l"", ""timestamp"": 1754317665570}, {""key"": ""s"", ""timestamp"": 1754317665734}, {""key"": ""."", ""timestamp"": 1754317665945}]","[{""error_type"": ""omission"", ""input"": ""s"", ""target"": ""s""}, {""error_type"": ""transposition"", ""input"": ""ss"", ""target"": ""ss""}, {""error_type"": ""omission"", ""input"": ""l"", ""target"": ""l""}, {""error_type"": ""omission"", ""input"": ""s"", ""target"": ""l""}, {""error_type"": ""substitution"", ""input"": ""k"", ""target"": ""l""}, {""error_type"": ""transposition"", ""input"": ""ll"", ""target"": ""ll""}]",2,3,1,0,239.0
53,4,baseline,"orten depencers wentor sunch fatimand starget.",1754317666710.0,1754317675673.0,"[{""key"": ""o"", ""timestamp"": 1754317666710}, {""key"": ""r"", ""timestamp"": 1754317666858}, {""key"": ""t"", ""timestamp"": 1754317667108}, {""key"": ""e"", ""timestamp"": 1754317667212}, {""key"": ""n"", ""timestamp"": 1754317667384}, {""key"": "" "", ""timestamp"": 1754317667616}, {""key"": ""d"", ""timestamp"": 1754317667752}, {""key"": ""e"", ""timestamp"": 1754317667962}, {""key"": ""p"", ""timestamp"": 1754317668075}, {""key"": ""e"", ""timestamp"": 1754317668171}, {""key"": ""n"", ""timestamp"": 1754317668359}, {""key"": ""c"", ""timestamp"": 1754317668524}, {""key"": ""e"", ""timestamp"": 1754317668645}, {""key"": ""r"", ""timestamp"": 1754317668787}, {""key"": ""s"", ""timestamp"": 1754317668959}, {""key"": "" "", ""timestamp"": 1754317669146}, {""key"": ""e"", ""timestamp"": 1754317669356}, {""key"": ""w"", ""timestamp"": 1754317669462}, {""key"": ""Backspace"", ""timestamp"": 1754317669799}, {""key"": ""Backspace"", ""timestamp"": 1754317669942}, {""key"": ""w"", ""timestamp"": 1754317670039}, {""key"": ""e"", ""timestamp"": 1754317670122}, {""key"": ""n"", ""timestamp"": 1754317670369}, {""key"": ""t"", ""timestamp"": 1754317670556}, {""key"": ""o"", ""timestamp"": 1754317670744}, {""key"": ""r"", ""timestamp"": 1754317670857}, {""key"": "" "", ""timestamp"": 1754317671000}, {""key"": ""s"", ""timestamp"": 1754317671217}, {""key"": ""u"", ""timestamp"": 1754317671382}, {""key"": ""n"", ""timestamp"": 1754317671594}, {""key"": ""c"", ""timestamp"": 1754317671697}, {""key"": ""h"", ""timestamp"": 1754317671787}, {""key"": "" "", ""timestamp"": 1754317671975}, {""key"": ""f"", ""timestamp"": 1754317672462}, {""key"": ""a"", ""timestamp"": 1754317672619}, {""key"": ""t"", ""timestamp"": 1754317672837}, {""key"": ""i"", ""timestamp"": 1754317672971}, {""key"": ""m"", ""timestamp"": 1754317673182}, {""key"": ""a"", ""timestamp"": 1754317673286}, {""key"": ""n"", ""timestamp"": 1754317673414}, {""key"": ""d"", ""timestamp"": 1754317673880}, {""key"": "" "", ""timestamp"": 1754317674091}, {""key"": ""s"", ""timestamp"": 1754317674299}, {""key"": ""t"", ""timestamp"": 1754317674450}, {""key"": ""a"", ""timestamp"": 1754317674577}, {""key"": ""r"", ""timestamp"": 1754317674772}, {""key"": ""g"", ""timestamp"": 1754317675147}, {""key"": ""e"", ""timestamp"": 1754317675268}, {""key"": ""t"", ""timestamp"": 1754317675394}, {""key"": ""."", ""timestamp"": 1754317675672}]","[{""error_type"": ""omission"", ""input"": ""e"", ""target"": ""w""}, {""error_type"": ""substitution"", ""input"": ""e"", ""target"": ""w""}, {""error_type"": ""transposition"", ""input"": ""ew"", ""target"": ""we""}, {""error_type"": ""addidtion"", ""input"": "" ew"", ""target"": "" w""}, {""error_type"": ""substitution"", ""input"": ""w"", ""target"": ""e""}]",3,4,3,1,194.847826086957
54,4,baseline,"kickspeck kifferent pells fi, ints anding fi hanchoin jus resh.",1754317676580.0,1754317687613.0,"[{""key"": ""k"", ""timestamp"": 1754317676580}, {""key"": ""i"", ""timestamp"": 1754317676782}, {""key"": ""c"", ""timestamp"": 1754317676909}, {""key"": ""k"", ""timestamp"": 1754317677030}, {""key"": ""s"", ""timestamp"": 1754317677321}, {""key"": ""p"", ""timestamp"": 1754317677509}, {""key"": ""e"", ""timestamp"": 1754317678027}, {""key"": ""c"", ""timestamp"": 1754317678223}, {""key"": ""k"", ""timestamp"": 1754317678394}, {""key"": "" "", ""timestamp"": 1754317678552}, {""key"": ""k"", ""timestamp"": 1754317678678}, {""key"": ""i"", ""timestamp"": 1754317678867}, {""key"": ""f"", ""timestamp"": 1754317678981}, {""key"": ""f"", ""timestamp"": 1754317679144}, {""key"": ""e"", ""timestamp"": 1754317679264}, {""key"": ""r"", ""timestamp"": 1754317679347}, {""key"": ""e"", ""timestamp"": 1754317679461}, {""key"": ""n"", ""timestamp"": 1754317679571}, {""key"": ""t"", ""timestamp"": 1754317679661}, {""key"": "" "", ""timestamp"": 1754317679783}, {""key"": ""p"", ""timestamp"": 1754317679953}, {""key"": ""e"", ""timestamp"": 1754317679983}, {""key"": ""l"", ""timestamp"": 1754317680577}, {""key"": ""l"", ""timestamp"": 1754317680741}, {""key"": ""s"", ""timestamp"": 1754317680914}, {""key"": "" "", ""timestamp"": 1754317681274}, {""key"": ""f"", ""timestamp"": 1754317681432}, {""key"": ""i"", ""timestamp"": 1754317681552}, {""key"": "","", ""timestamp"": 1754317681920}, {""key"": "" "", ""timestamp"": 1754317682137}, {""key"": ""i"", ""timestamp"": 1754317682287}, {""key"": ""n"", ""timestamp"": 1754317682541}, {""key"": ""t"", ""timestamp"": 1754317682648}, {""key"": ""s"", ""timestamp"": 1754317682736}, {""key"": "" "", ""timestamp"": 1754317682924}, {""key"": ""a"", ""timestamp"": 1754317683067}, {""key"": ""n"", ""timestamp"": 1754317683172}, {""key"": ""d"", ""timestamp"": 1754317683261}, {""key"": ""i"", ""timestamp"": 1754317683524}, {""key"": ""n"", ""timestamp"": 1754317683749}, {""key"": ""g"", ""timestamp"": 1754317683855}, {""key"": "" "", ""timestamp"": 1754317683981}, {""key"": ""f"", ""timestamp"": 1754317684221}, {""key"": ""i"", ""timestamp"": 1754317684335}, {""key"": "" "", ""timestamp"": 1754317684462}, {""key"": ""h"", ""timestamp"": 1754317684719}, {""key"": ""a"", ""timestamp"": 1754317684807}, {""key"": ""n"", ""timestamp"": 1754317684943}, {""key"": ""c"", ""timestamp"": 1754317685092}, {""key"": ""h"", ""timestamp"": 1754317685190}, {""key"": ""o"", ""timestamp"": 1754317685378}, {""key"": ""i"", ""timestamp"": 1754317685451}, {""key"": ""n"", ""timestamp"": 1754317685639}, {""key"": "" "", ""timestamp"": 1754317685804}, {""key"": ""j"", ""timestamp"": 1754317686141}, {""key"": ""u"", ""timestamp"": 1754317686338}, {""key"": ""s"", ""timestamp"": 1754317686419}, {""key"": "" "", ""timestamp"": 1754317686690}, {""key"": ""r"", ""timestamp"": 1754317687005}, {""key"": ""e"", ""timestamp"": 1754317687071}, {""key"": ""s"", ""timestamp"": 1754317687229}, {""key"": ""h"", ""timestamp"": 1754317687351}, {""key"": ""."", ""timestamp"": 1754317687612}]","[{""error_type"": ""omission"", ""input"": ""f"", ""target"": ""f""}, {""error_type"": ""transposition"", ""input"": ""ff"", ""target"": ""ff""}, {""error_type"": ""omission"", ""input"": ""l"", ""target"": ""l""}, {""error_type"": ""transposition"", ""input"": ""ll"", ""target"": ""ll""}]",5,6,3,1,175.126984126984
55,4,baseline,"sevent ruggling happentry rept, tex saidaw lasky upcoren nakes.",1754317688407.0,1754317699995.0,"[{""key"": ""e"", ""timestamp"": 1754317688407}, {""key"": ""Backspace"", ""timestamp"": 1754317688737}, {""key"": ""s"", ""timestamp"": 1754317688812}, {""key"": ""e"", ""timestamp"": 1754317688903}, {""key"": ""v"", ""timestamp"": 1754317689104}, {""key"": ""e"", ""timestamp"": 1754317689201}, {""key"": ""n"", ""timestamp"": 1754317689397}, {""key"": ""t"", ""timestamp"": 1754317689487}, {""key"": "" "", ""timestamp"": 1754317689682}, {""key"": ""r"", ""timestamp"": 1754317690109}, {""key"": ""u"", ""timestamp"": 1754317690244}, {""key"": ""g"", ""timestamp"": 1754317690374}, {""key"": ""g"", ""timestamp"": 1754317690515}, {""key"": ""l"", ""timestamp"": 1754317690642}, {""key"": ""i"", ""timestamp"": 1754317690844}, {""key"": ""n"", ""timestamp"": 1754317691039}, {""key"": ""g"", ""timestamp"": 1754317691159}, {""key"": "" "", ""timestamp"": 1754317691219}, {""key"": ""h"", ""timestamp"": 1754317691362}, {""key"": ""a"", ""timestamp"": 1754317691481}, {""key"": ""p"", ""timestamp"": 1754317691617}, {""key"": ""p"", ""timestamp"": 1754317691782}, {""key"": ""e"", ""timestamp"": 1754317691909}, {""key"": ""n"", ""timestamp"": 1754317692037}, {""key"": ""t"", ""timestamp"": 1754317692141}, {""key"": ""r"", ""timestamp"": 1754317692330}, {""key"": ""y"", ""timestamp"": 1754317692479}, {""key"": "" "", ""timestamp"": 1754317692637}, {""key"": ""r"", ""timestamp"": 1754317692854}, {""key"": ""e"", ""timestamp"": 1754317692938}, {""key"": ""p"", ""timestamp"": 1754317693101}, {""key"": ""t"", ""timestamp"": 1754317693298}, {""key"": "" "", ""timestamp"": 1754317693537}, {""key"": ""Backspace"", ""timestamp"": 1754317693897}, {""key"": "","", ""timestamp"": 1754317694129}, {""key"": "" "", ""timestamp"": 1754317694286}, {""key"": ""t"", ""timestamp"": 1754317694534}, {""key"": ""e"", ""timestamp"": 1754317694618}, {""key"": ""x"", ""timestamp"": 1754317694842}, {""key"": "" "", ""timestamp"": 1754317695089}, {""key"": ""s"", ""timestamp"": 1754317695351}, {""key"": ""a"", ""timestamp"": 1754317695479}, {""key"": ""i"", ""timestamp"": 1754317695629}, {""key"": ""d"", ""timestamp"": 1754317695749}, {""key"": ""a"", ""timestamp"": 1754317695884}, {""key"": ""w"", ""timestamp"": 1754317696102}, {""key"": "" "", ""timestamp"": 1754317696358}, {""key"": ""l"", ""timestamp"": 1754317696568}, {""key"": ""a"", ""timestamp"": 1754317696605}, {""key"": ""s"", ""timestamp"": 1754317696762}, {""key"": ""k"", ""timestamp"": 1754317696942}, {""key"": ""y"", ""timestamp"": 1754317697151}, {""key"": "" "", ""timestamp"": 1754317697474}, {""key"": ""u"", ""timestamp"": 1754317697850}, {""key"": ""p"", ""timestamp"": 1754317698067}, {""key"": ""c"", ""timestamp"": 1754317698300}, {""key"": ""o"", ""timestamp"": 1754317698438}, {""key"": ""r"", ""timestamp"": 1754317698607}, {""key"": ""e"", ""timestamp"": 1754317698690}, {""key"": ""n"", ""timestamp"": 1754317698847}, {""key"": "" "", ""timestamp"": 1754317699034}, {""key"": ""n"", ""timestamp"": 1754317699222}, {""key"": ""a"", ""timestamp"": 1754317699268}, {""key"": ""k"", ""timestamp"": 1754317699469}, {""key"": ""e"", ""timestamp"": 1754317699575}, {""key"": ""s"", ""timestamp"": 1754317699724}, {""key"": ""."", ""timestamp"": 1754317699994}]","[{""error_type"": ""omission"", ""input"": ""e"", ""target"": ""s""}, {""error_type"": ""omission"", ""input"": ""g"", ""target"": ""g""}, {""error_type"": ""transposition"", ""input"": ""gg"", ""target"": ""gg""}, {""error_type"": ""omission"", ""input"": ""p"", ""target"": ""p""}, {""error_type"": ""transposition"", ""input"": ""pp"", ""target"": ""pp""}, {""error_type"": ""omission"", ""input"": "" "", ""target"": "",""}]",7,10,3,1,183.936507936508
56,4,baseline,"ubas tecon bankit, plandle os stis os, besters hannicatrace twent.",1754317700797.0,1754317716878.0,"[{""key"": ""u"", ""timestamp"": 1754317700797}, {""key"": ""b"", ""timestamp"": 1754317701209}, {""key"": ""a"", ""timestamp"": 1754317701359}, {""key"": ""d"", ""timestamp"": 1754317701593}, {""key"": ""Backspace"", ""timestamp"": 1754317701997}, {""key"": ""s"", ""timestamp"": 1754317702086}, {""key"": "" "", ""timestamp"": 1754317702267}, {""key"": ""t"", ""timestamp"": 1754317702604}, {""key"": ""e"", ""timestamp"": 1754317702702}, {""key"": ""c"", ""timestamp"": 1754317703002}, {""key"": ""o"", ""timestamp"": 1754317703159}, {""key"": ""n"", ""timestamp"": 1754317703369}, {""key"": "" "", ""timestamp"": 1754317703557}, {""key"": ""b"", ""timestamp"": 1754317703744}, {""key"": ""a"", ""timestamp"": 1754317703857}, {""key"": ""n"", ""timestamp"": 1754317704037}, {""key"": ""k"", ""timestamp"": 1754317705500}, {""key"": ""i"", ""timestamp"": 1754317705658}, {""key"": ""t"", ""timestamp"": 1754317705791}, {""key"": "","", ""timestamp"": 1754317706346}, {""key"": "" "", ""timestamp"": 1754317706565}, {""key"": ""p"", ""timestamp"": 1754317706888}, {""key"": ""l"", ""timestamp"": 1754317707098}, {""key"": ""a"", ""timestamp"": 1754317707225}, {""key"": ""n"", ""timestamp"": 1754317707405}, {""key"": ""d"", ""timestamp"": 1754317707577}, {""key"": ""l"", ""timestamp"": 1754317707764}, {""key"": ""e"", ""timestamp"": 1754317707899}, {""key"": "" "", ""timestamp"": 1754317708417}, {""key"": ""o"", ""timestamp"": 1754317708666}, {""key"": ""s"", ""timestamp"": 1754317708829}, {""key"": "" "", ""timestamp"": 1754317709092}, {""key"": ""s"", ""timestamp"": 1754317709325}, {""key"": ""t"", ""timestamp"": 1754317709440}, {""key"": ""i"", ""timestamp"": 1754317709640}, {""key"": ""s"", ""timestamp"": 1754317709767}, {""key"": "" "", ""timestamp"": 1754317710255}, {""key"": ""o"", ""timestamp"": 1754317710458}, {""key"": ""s"", ""timestamp"": 1754317710554}, {""key"": "","", ""timestamp"": 1754317710937}, {""key"": "" "", ""timestamp"": 1754317711139}, {""key"": ""b"", ""timestamp"": 1754317711664}, {""key"": ""e"", ""timestamp"": 1754317711792}, {""key"": ""s"", ""timestamp"": 1754317711965}, {""key"": ""t"", ""timestamp"": 1754317712084}, {""key"": ""e"", ""timestamp"": 1754317712197}, {""key"": ""r"", ""timestamp"": 1754317712311}, {""key"": ""s"", ""timestamp"": 1754317712436}, {""key"": "" "", ""timestamp"": 1754317712842}, {""key"": ""h"", ""timestamp"": 1754317713112}, {""key"": ""a"", ""timestamp"": 1754317713247}, {""key"": ""n"", ""timestamp"": 1754317713389}, {""key"": ""n"", ""timestamp"": 1754317713486}, {""key"": ""i"", ""timestamp"": 1754317713682}, {""key"": ""c"", ""timestamp"": 1754317713794}, {""key"": ""a"", ""timestamp"": 1754317713953}, {""key"": ""t"", ""timestamp"": 1754317714297}, {""key"": ""r"", ""timestamp"": 1754317714456}, {""key"": ""a"", ""timestamp"": 1754317714529}, {""key"": ""c"", ""timestamp"": 1754317714718}, {""key"": ""e"", ""timestamp"": 1754317714777}, {""key"": "" "", ""timestamp"": 1754317715047}, {""key"": ""w"", ""timestamp"": 1754317715294}, {""key"": ""Backspace"", ""timestamp"": 1754317715669}, {""key"": ""t"", ""timestamp"": 1754317715743}, {""key"": ""w"", ""timestamp"": 1754317715857}, {""key"": ""e"", ""timestamp"": 1754317716209}, {""key"": ""n"", ""timestamp"": 1754317716427}, {""key"": ""t"", ""timestamp"": 1754317716509}, {""key"": ""."", ""timestamp"": 1754317716877}]","[{""error_type"": ""substitution"", ""input"": ""d"", ""target"": ""s""}, {""error_type"": ""omission"", ""input"": ""n"", ""target"": ""n""}, {""error_type"": ""transposition"", ""input"": ""nn"", ""target"": ""nn""}, {""error_type"": ""omission"", ""input"": ""w"", ""target"": ""t""}]",8,12,4,1,243.651515151515
57,4,baseline,"savid hannicatrace gred sprin belents gandoff.",1754317717567.0,1754317725239.0,"[{""key"": ""s"", ""timestamp"": 1754317717567}, {""key"": ""a"", ""timestamp"": 1754317717800}, {""key"": ""v"", ""timestamp"": 1754317717957}, {""key"": ""i"", ""timestamp"": 1754317718153}, {""key"": ""d"", ""timestamp"": 1754317718242}, {""key"": "" "", ""timestamp"": 1754317718406}, {""key"": ""h"", ""timestamp"": 1754317718654}, {""key"": ""a"", ""timestamp"": 1754317718791}, {""key"": ""n"", ""timestamp"": 1754317718916}, {""key"": ""n"", ""timestamp"": 1754317719038}, {""key"": ""i"", ""timestamp"": 1754317719450}, {""key"": ""c"", ""timestamp"": 1754317719660}, {""key"": ""a"", ""timestamp"": 1754317719787}, {""key"": ""t"", ""timestamp"": 1754317720004}, {""key"": ""r"", ""timestamp"": 1754317720177}, {""key"": ""a"", ""timestamp"": 1754317720252}, {""key"": ""c"", ""timestamp"": 1754317720409}, {""key"": ""e"", ""timestamp"": 1754317720515}, {""key"": "" "", ""timestamp"": 1754317720754}, {""key"": ""g"", ""timestamp"": 1754317721016}, {""key"": ""r"", ""timestamp"": 1754317721204}, {""key"": ""e"", ""timestamp"": 1754317721296}, {""key"": ""d"", ""timestamp"": 1754317721481}, {""key"": "" "", ""timestamp"": 1754317721639}, {""key"": ""s"", ""timestamp"": 1754317721731}, {""key"": ""p"", ""timestamp"": 1754317721879}, {""key"": ""r"", ""timestamp"": 1754317722051}, {""key"": ""i"", ""timestamp"": 1754317722149}, {""key"": ""n"", ""timestamp"": 1754317722337}, {""key"": "" "", ""timestamp"": 1754317722569}, {""key"": ""b"", ""timestamp"": 1754317723012}, {""key"": ""e"", ""timestamp"": 1754317723215}, {""key"": ""l"", ""timestamp"": 1754317723356}, {""key"": ""e"", ""timestamp"": 1754317723470}, {""key"": ""n"", ""timestamp"": 1754317723619}, {""key"": ""t"", ""timestamp"": 1754317723733}, {""key"": ""s"", ""timestamp"": 1754317723844}, {""key"": "" "", ""timestamp"": 1754317724009}, {""key"": ""g"", ""timestamp"": 1754317724159}, {""key"": ""a"", ""timestamp"": 1754317724251}, {""key"": ""n"", ""timestamp"": 1754317724392}, {""key"": ""d"", ""timestamp"": 1754317724519}, {""key"": ""o"", ""timestamp"": 1754317724693}, {""key"": ""f"", ""timestamp"": 1754317724969}, {""key"": ""f"", ""timestamp"": 1754317725097}, {""key"": ""."", ""timestamp"": 1754317725238}]","[{""error_type"": ""omission"", ""input"": ""n"", ""target"": ""n""}, {""error_type"": ""transposition"", ""input"": ""nn"", ""target"": ""nn""}, {""error_type"": ""omission"", ""input"": ""f"", ""target"": ""f""}, {""error_type"": ""transposition"", ""input"": ""ff"", ""target"": ""ff""}]",10,14,4,1,166.782608695652
58,4,baseline,"soundid togetting lenew squick, cancake gred ruggling gon kims.",1754317725967.0,1754317740376.0,"[{""key"": ""s"", ""timestamp"": 1754317725967}, {""key"": ""o"", ""timestamp"": 1754317726118}, {""key"": ""u"", ""timestamp"": 1754317726260}, {""key"": ""n"", ""timestamp"": 1754317726463}, {""key"": ""d"", ""timestamp"": 1754317726546}, {""key"": ""i"", ""timestamp"": 1754317726642}, {""key"": ""d"", ""timestamp"": 1754317726769}, {""key"": "" "", ""timestamp"": 1754317726987}, {""key"": ""t"", ""timestamp"": 1754317727512}, {""key"": ""o"", ""timestamp"": 1754317727632}, {""key"": ""g"", ""timestamp"": 1754317727737}, {""key"": ""e"", ""timestamp"": 1754317727879}, {""key"": ""t"", ""timestamp"": 1754317728052}, {""key"": ""t"", ""timestamp"": 1754317728172}, {""key"": ""i"", ""timestamp"": 1754317728291}, {""key"": ""n"", ""timestamp"": 1754317728489}, {""key"": ""g"", ""timestamp"": 1754317728539}, {""key"": "" "", ""timestamp"": 1754317728644}, {""key"": ""l"", ""timestamp"": 1754317728786}, {""key"": ""e"", ""timestamp"": 1754317728869}, {""key"": ""n"", ""timestamp"": 1754317729094}, {""key"": ""e"", ""timestamp"": 1754317729357}, {""key"": ""w"", ""timestamp"": 1754317729484}, {""key"": "" "", ""timestamp"": 1754317729776}, {""key"": ""s"", ""timestamp"": 1754317729897}, {""key"": ""q"", ""timestamp"": 1754317730114}, {""key"": ""u"", ""timestamp"": 1754317730489}, {""key"": ""i"", ""timestamp"": 1754317730701}, {""key"": ""c"", ""timestamp"": 1754317730872}, {""key"": ""k"", ""timestamp"": 1754317730962}, {""key"": "" "", ""timestamp"": 1754317731119}, {""key"": ""Backspace"", ""timestamp"": 1754317731442}, {""key"": ""m"", ""timestamp"": 1754317732133}, {""key"": ""Backspace"", ""timestamp"": 1754317732552}, {""key"": "","", ""timestamp"": 1754317732883}, {""key"": "" "", ""timestamp"": 1754317733115}, {""key"": ""c"", ""timestamp"": 1754317733302}, {""key"": ""a"", ""timestamp"": 1754317733422}, {""key"": ""n"", ""timestamp"": 1754317733556}, {""key"": ""c"", ""timestamp"": 1754317733759}, {""key"": ""a"", ""timestamp"": 1754317733931}, {""key"": ""k"", ""timestamp"": 1754317734091}, {""key"": ""e"", ""timestamp"": 1754317734262}, {""key"": "" "", ""timestamp"": 1754317734479}, {""key"": ""g"", ""timestamp"": 1754317734684}, {""key"": ""r"", ""timestamp"": 1754317734876}, {""key"": ""e"", ""timestamp"": 1754317734975}, {""key"": ""d"", ""timestamp"": 1754317735154}, {""key"": "" "", ""timestamp"": 1754317735312}, {""key"": ""g"", ""timestamp"": 1754317735477}, {""key"": ""Backspace"", ""timestamp"": 1754317735874}, {""key"": ""r"", ""timestamp"": 1754317735972}, {""key"": ""u"", ""timestamp"": 1754317736181}, {""key"": ""g"", ""timestamp"": 1754317736302}, {""key"": ""g"", ""timestamp"": 1754317736437}, {""key"": ""l"", ""timestamp"": 1754317736542}, {""key"": ""i"", ""timestamp"": 1754317736767}, {""key"": ""n"", ""timestamp"": 1754317736969}, {""key"": ""g"", ""timestamp"": 1754317737090}, {""key"": ""s"", ""timestamp"": 1754317737300}, {""key"": "" "", ""timestamp"": 1754317737466}, {""key"": ""Backspace"", ""timestamp"": 1754317737862}, {""key"": ""Backspace"", ""timestamp"": 1754317738005}, {""key"": "" "", ""timestamp"": 1754317738410}, {""key"": ""g"", ""timestamp"": 1754317738672}, {""key"": ""o"", ""timestamp"": 1754317738800}, {""key"": ""n"", ""timestamp"": 1754317739010}, {""key"": "" "", ""timestamp"": 1754317739189}, {""key"": ""k"", ""timestamp"": 1754317739423}, {""key"": ""i"", ""timestamp"": 1754317739602}, {""key"": ""m"", ""timestamp"": 1754317739828}, {""key"": ""s"", ""timestamp"": 1754317740082}, {""key"": ""."", ""timestamp"": 1754317740375}]","[{""error_type"": ""omission"", ""input"": ""t"", ""target"": ""t""}, {""error_type"": ""transposition"", ""input"": ""tt"", ""target"": ""tt""}, {""error_type"": ""omission"", ""input"": "" "", ""target"": "",""}, {""error_type"": ""substitution"", ""input"": ""m"", ""target"": "",""}, {""error_type"": ""omission"", ""input"": ""g"", ""target"": ""g""}, {""error_type"": ""transposition"", ""input"": ""gg"", ""target"": ""gg""}, {""error_type"": ""addidtion"", ""input"": ""gs "", ""target"": ""g ""}]",12,17,5,2,228.714285714286
59,4,baseline,"tast os askets classengers, jobjector tanin fi, besters gast.",1754317741206.0,1754317754514.0,"[{""key"": ""t"", ""timestamp"": 1754317741206}, {""key"": ""a"", ""timestamp"": 1754317741327}, {""key"": ""s"", ""timestamp"": 1754317741559}, {""key"": ""t"", ""timestamp"": 1754317741702}, {""key"": "" "", ""timestamp"": 1754317741920}, {""key"": ""o"", ""timestamp"": 1754317742122}, {""key"": ""s"", ""timestamp"": 1754317742167}, {""key"": "" "", ""timestamp"": 1754317742354}, {""key"": ""a"", ""timestamp"": 1754317742527}, {""key"": ""s"", ""timestamp"": 1754317742670}, {""key"": ""k"", ""timestamp"": 1754317742872}, {""key"": ""e"", ""timestamp"": 1754317743006}, {""key"": ""t"", ""timestamp"": 1754317743186}, {""key"": ""s"", ""timestamp"": 1754317743398}, {""key"": "" "", ""timestamp"": 1754317743712}, {""key"": ""c"", ""timestamp"": 1754317744005}, {""key"": ""l"", ""timestamp"": 1754317744146}, {""key"": ""a"", ""timestamp"": 1754317744289}, {""key"": ""s"", ""timestamp"": 1754317744469}, {""key"": ""s"", ""timestamp"": 1754317744597}, {""key"": ""e"", ""timestamp"": 1754317744777}, {""key"": ""n"", ""timestamp"": 1754317744912}, {""key"": ""g"", ""timestamp"": 1754317744972}, {""key"": ""e"", ""timestamp"": 1754317745077}, {""key"": ""r"", ""timestamp"": 1754317745204}, {""key"": ""s"", ""timestamp"": 1754317745309}, {""key"": "" "", ""timestamp"": 1754317745490}, {""key"": ""Backspace"", ""timestamp"": 1754317745917}, {""key"": "","", ""timestamp"": 1754317746134}, {""key"": "" "", ""timestamp"": 1754317746270}, {""key"": ""j"", ""timestamp"": 1754317746525}, {""key"": ""o"", ""timestamp"": 1754317746900}, {""key"": ""b"", ""timestamp"": 1754317747147}, {""key"": ""j"", ""timestamp"": 1754317747567}, {""key"": ""k"", ""timestamp"": 1754317747575}, {""key"": ""e"", ""timestamp"": 1754317747762}, {""key"": ""Backspace"", ""timestamp"": 1754317748099}, {""key"": ""Backspace"", ""timestamp"": 1754317748227}, {""key"": ""e"", ""timestamp"": 1754317748895}, {""key"": ""c"", ""timestamp"": 1754317749083}, {""key"": ""t"", ""timestamp"": 1754317749285}, {""key"": ""o"", ""timestamp"": 1754317749426}, {""key"": ""r"", ""timestamp"": 1754317749524}, {""key"": "" "", ""timestamp"": 1754317749689}, {""key"": ""t"", ""timestamp"": 1754317749849}, {""key"": ""a"", ""timestamp"": 1754317749974}, {""key"": ""n"", ""timestamp"": 1754317750124}, {""key"": ""i"", ""timestamp"": 1754317750342}, {""key"": ""n"", ""timestamp"": 1754317750476}, {""key"": "" "", ""timestamp"": 1754317750830}, {""key"": ""f"", ""timestamp"": 1754317751063}, {""key"": ""i"", ""timestamp"": 1754317751144}, {""key"": "","", ""timestamp"": 1754317751414}, {""key"": "" "", ""timestamp"": 1754317751586}, {""key"": ""b"", ""timestamp"": 1754317751910}, {""key"": ""e"", ""timestamp"": 1754317752278}, {""key"": ""s"", ""timestamp"": 1754317752457}, {""key"": ""t"", ""timestamp"": 1754317752569}, {""key"": ""e"", ""timestamp"": 1754317752696}, {""key"": ""r"", ""timestamp"": 1754317752801}, {""key"": ""s"", ""timestamp"": 1754317752913}, {""key"": "" "", ""timestamp"": 1754317753469}, {""key"": ""g"", ""timestamp"": 1754317753642}, {""key"": ""a"", ""timestamp"": 1754317753717}, {""key"": ""s"", ""timestamp"": 1754317753904}, {""key"": ""t"", ""timestamp"": 1754317754040}, {""key"": ""."", ""timestamp"": 1754317754512}]","[{""error_type"": ""omission"", ""input"": ""s"", ""target"": ""s""}, {""error_type"": ""transposition"", ""input"": ""ss"", ""target"": ""ss""}, {""error_type"": ""omission"", ""input"": "" "", ""target"": "",""}, {""error_type"": ""addidtion"", ""input"": ""jke"", ""target"": ""je""}]",13,19,5,3,218.16393442623
60,4,baseline,"shood yeardering nat os twent kickspeck, thebemmer clively sprin hanchoin.",1754317755299.0,1754317773053.0,"[{""key"": ""s"", ""timestamp"": 1754317755299}, {""key"": ""h"", ""timestamp"": 1754317755465}, {""key"": ""o"", ""timestamp"": 1754317755698}, {""key"": ""o"", ""timestamp"": 1754317755832}, {""key"": ""d"", ""timestamp"": 1754317755960}, {""key"": "" "", ""timestamp"": 1754317756087}, {""key"": ""y"", ""timestamp"": 1754317756454}, {""key"": ""e"", ""timestamp"": 1754317756537}, {""key"": ""a"", ""timestamp"": 1754317756657}, {""key"": ""r"", ""timestamp"": 1754317756725}, {""key"": ""d"", ""timestamp"": 1754317757129}, {""key"": ""e"", ""timestamp"": 1754317757272}, {""key"": ""r"", ""timestamp"": 1754317757362}, {""key"": ""i"", ""timestamp"": 1754317757565}, {""key"": ""n"", ""timestamp"": 1754317757766}, {""key"": ""g"", ""timestamp"": 1754317757864}, {""key"": "" "", ""timestamp"": 1754317757992}, {""key"": ""n"", ""timestamp"": 1754317758127}, {""key"": ""a"", ""timestamp"": 1754317758299}, {""key"": ""t"", ""timestamp"": 1754317758525}, {""key"": "" "", ""timestamp"": 1754317758810}, {""key"": ""o"", ""timestamp"": 1754317759029}, {""key"": ""s"", ""timestamp"": 1754317759131}, {""key"": "" "", ""timestamp"": 1754317759238}, {""key"": ""t"", ""timestamp"": 1754317759530}, {""key"": ""w"", ""timestamp"": 1754317759703}, {""key"": ""e"", ""timestamp"": 1754317759882}, {""key"": ""n"", ""timestamp"": 1754317760093}, {""key"": ""t"", ""timestamp"": 1754317760204}, {""key"": "" "", ""timestamp"": 1754317760384}, {""key"": ""k"", ""timestamp"": 1754317760737}, {""key"": ""i"", ""timestamp"": 1754317760940}, {""key"": ""c"", ""timestamp"": 1754317761067}, {""key"": ""k"", ""timestamp"": 1754317761209}, {""key"": ""s"", ""timestamp"": 1754317761472}, {""key"": ""p"", ""timestamp"": 1754317761666}, {""key"": ""e"", ""timestamp"": 1754317761779}, {""key"": ""c"", ""timestamp"": 1754317761974}, {""key"": "","", ""timestamp"": 1754317762267}, {""key"": ""Backspace"", ""timestamp"": 1754317762687}, {""key"": ""k"", ""timestamp"": 1754317762950}, {""key"": "","", ""timestamp"": 1754317763251}, {""key"": "" "", ""timestamp"": 1754317763467}, {""key"": ""t"", ""timestamp"": 1754317763759}, {""key"": ""h"", ""timestamp"": 1754317763917}, {""key"": ""e"", ""timestamp"": 1754317764022}, {""key"": ""m"", ""timestamp"": 1754317764187}, {""key"": ""b"", ""timestamp"": 1754317764465}, {""key"": ""Backspace"", ""timestamp"": 1754317764817}, {""key"": ""Backspace"", ""timestamp"": 1754317764959}, {""key"": ""b"", ""timestamp"": 1754317765718}, {""key"": ""e"", ""timestamp"": 1754317765822}, {""key"": ""m"", ""timestamp"": 1754317766047}, {""key"": ""m"", ""timestamp"": 1754317766181}, {""key"": ""e"", ""timestamp"": 1754317766407}, {""key"": ""r"", ""timestamp"": 1754317766520}, {""key"": "" "", ""timestamp"": 1754317766903}, {""key"": ""c"", ""timestamp"": 1754317767202}, {""key"": ""l"", ""timestamp"": 1754317767285}, {""key"": ""v"", ""timestamp"": 1754317767646}, {""key"": ""Backspace"", ""timestamp"": 1754317767937}, {""key"": ""i"", ""timestamp"": 1754317768223}, {""key"": ""v"", ""timestamp"": 1754317768350}, {""key"": ""e"", ""timestamp"": 1754317768553}, {""key"": ""l"", ""timestamp"": 1754317768717}, {""key"": ""y"", ""timestamp"": 1754317768919}, {""key"": "" "", ""timestamp"": 1754317769182}, {""key"": ""s"", ""timestamp"": 1754317769318}, {""key"": ""p"", ""timestamp"": 1754317769496}, {""key"": ""r"", ""timestamp"": 1754317769648}, {""key"": ""i"", ""timestamp"": 1754317769761}, {""key"": ""n"", ""timestamp"": 1754317769978}, {""key"": ""g"", ""timestamp"": 1754317770134}, {""key"": "" "", ""timestamp"": 1754317770352}, {""key"": ""Backspace"", ""timestamp"": 1754317770600}, {""key"": ""Backspace"", ""timestamp"": 1754317770757}, {""key"": "" "", ""timestamp"": 1754317771260}, {""key"": ""h"", ""timestamp"": 1754317771582}, {""key"": ""a"", ""timestamp"": 1754317771679}, {""key"": ""n"", ""timestamp"": 1754317771876}, {""key"": ""c"", ""timestamp"": 1754317772062}, {""key"": ""h"", ""timestamp"": 1754317772161}, {""key"": ""o"", ""timestamp"": 1754317772385}, {""key"": ""i"", ""timestamp"": 1754317772451}, {""key"": ""n"", ""timestamp"": 1754317772678}, {""key"": ""."", ""timestamp"": 1754317773053}]","[{""error_type"": ""omission"", ""input"": ""o"", ""target"": ""o""}, {""error_type"": ""transposition"", ""input"": ""oo"", ""target"": ""oo""}, {""error_type"": ""omission"", ""input"": "","", ""target"": ""k""}, {""error_type"": ""substitution"", ""input"": "","", ""target"": ""k""}, {""error_type"": ""addidtion"", ""input"": ""emb"", ""target"": ""eb""}, {""error_type"": ""omission"", ""input"": ""m"", ""target"": ""m""}, {""error_type"": ""transposition"", ""input"": ""mm"", ""target"": ""mm""}, {""error_type"": ""omission"", ""input"": ""v"", ""target"": ""i""}, {""error_type"": ""addidtion"", ""input"": ""ng "", ""target"": ""n ""}]",15,23,6,5,239.918918918919
61,5,baseline,"crings fi fi paren.",1754319084662.0,1754319103292.0,"[{""key"": ""c"", ""timestamp"": 1754319084662}, {""key"": ""i"", ""timestamp"": 1754319084788}, {""key"": ""r"", ""timestamp"": 1754319084916}, {""key"": ""n"", ""timestamp"": 1754319085111}, {""key"": ""Backspace"", ""timestamp"": 1754319086011}, {""key"": ""ArrowLeft"", ""timestamp"": 1754319086904}, {""key"": ""Delete"", ""timestamp"": 1754319088201}, {""key"": ""ArrowRight"", ""timestamp"": 1754319089993}, {""key"": ""ArrowRight"", ""timestamp"": 1754319090555}, {""key"": ""Backspace"", ""timestamp"": 1754319092116}, {""key"": ""Backspace"", ""timestamp"": 1754319092282}, {""key"": ""Backspace"", ""timestamp"": 1754319092446}, {""key"": ""c"", ""timestamp"": 1754319092798}, {""key"": ""r"", ""timestamp"": 1754319092994}, {""key"": ""i"", ""timestamp"": 1754319093106}, {""key"": ""n"", ""timestamp"": 1754319093307}, {""key"": ""g"", ""timestamp"": 1754319093459}, {""key"": ""s"", ""timestamp"": 1754319093548}, {""key"": "" "", ""timestamp"": 1754319093758}, {""key"": ""f"", ""timestamp"": 1754319094148}, {""key"": ""i"", ""timestamp"": 1754319094298}, {""key"": ""ArrowLeft"", ""timestamp"": 1754319095212}, {""key"": ""s"", ""timestamp"": 1754319096226}, {""key"": ""Backspace"", ""timestamp"": 1754319097247}, {""key"": ""ArrowRight"", ""timestamp"": 1754319099467}, {""key"": "" "", ""timestamp"": 1754319099948}, {""key"": ""f"", ""timestamp"": 1754319100718}, {""key"": ""i"", ""timestamp"": 1754319101611}, {""key"": "" "", ""timestamp"": 1754319101731}, {""key"": ""p"", ""timestamp"": 1754319102196}, {""key"": ""a"", ""timestamp"": 1754319102392}, {""key"": ""r"", ""timestamp"": 1754319102676}, {""key"": ""e"", ""timestamp"": 1754319102780}, {""key"": ""n"", ""timestamp"": 1754319102969}, {""key"": ""."", ""timestamp"": 1754319103291}]","[{""error_type"": ""omission"", ""input"": ""i"", ""target"": ""r""}, {""error_type"": ""transposition"", ""input"": ""ir"", ""target"": ""ri""}, {""error_type"": ""addidtion"", ""input"": ""cir"", ""target"": ""cr""}, {""error_type"": ""addidtion"", ""input"": ""fsi"", ""target"": ""fi""}]",1,1,0,2,980.526315789474
62,5,baseline,"oleadossing gon lorick pells.",1754319104430.0,1754319109202.0,"[{""key"": ""o"", ""timestamp"": 1754319104430}, {""key"": ""l"", ""timestamp"": 1754319104820}, {""key"": ""e"", ""timestamp"": 1754319104986}, {""key"": ""a"", ""timestamp"": 1754319105107}, {""key"": ""d"", ""timestamp"": 1754319105361}, {""key"": ""o"", ""timestamp"": 1754319105586}, {""key"": ""s"", ""timestamp"": 1754319105727}, {""key"": ""s"", ""timestamp"": 1754319105879}, {""key"": ""i"", ""timestamp"": 1754319105999}, {""key"": ""n"", ""timestamp"": 1754319106193}, {""key"": ""g"", ""timestamp"": 1754319106306}, {""key"": "" "", ""timestamp"": 1754319106418}, {""key"": ""g"", ""timestamp"": 1754319106523}, {""key"": ""o"", ""timestamp"": 1754319106659}, {""key"": ""n"", ""timestamp"": 1754319106861}, {""key"": "" "", ""timestamp"": 1754319107086}, {""key"": ""l"", ""timestamp"": 1754319107283}, {""key"": ""o"", ""timestamp"": 1754319107461}, {""key"": ""r"", ""timestamp"": 1754319107634}, {""key"": ""i"", ""timestamp"": 1754319107754}, {""key"": ""c"", ""timestamp"": 1754319107925}, {""key"": ""k"", ""timestamp"": 1754319108031}, {""key"": "" "", ""timestamp"": 1754319108249}, {""key"": ""p"", ""timestamp"": 1754319108406}, {""key"": ""e"", ""timestamp"": 1754319108518}, {""key"": ""l"", ""timestamp"": 1754319108668}, {""key"": ""l"", ""timestamp"": 1754319108804}, {""key"": ""s"", ""timestamp"": 1754319108953}, {""key"": ""."", ""timestamp"": 1754319109201}]","[{""error_type"": ""omission"", ""input"": ""s"", ""target"": ""s""}, {""error_type"": ""transposition"", ""input"": ""ss"", ""target"": ""ss""}, {""error_type"": ""omission"", ""input"": ""l"", ""target"": ""l""}, {""error_type"": ""transposition"", ""input"": ""ll"", ""target"": ""ll""}]",3,3,0,2,164.551724137931
63,5,baseline,"orten depencers wentor sunch fatimand starget.",1754319109943.0,1754319118172.0,"[{""key"": ""o"", ""timestamp"": 1754319109943}, {""key"": ""r"", ""timestamp"": 1754319110199}, {""key"": ""e"", ""timestamp"": 1754319110499}, {""key"": ""Backspace"", ""timestamp"": 1754319110859}, {""key"": ""t"", ""timestamp"": 1754319110956}, {""key"": ""e"", ""timestamp"": 1754319111068}, {""key"": ""n"", ""timestamp"": 1754319111286}, {""key"": "" "", ""timestamp"": 1754319111519}, {""key"": ""d"", ""timestamp"": 1754319111751}, {""key"": ""e"", ""timestamp"": 1754319111924}, {""key"": ""p"", ""timestamp"": 1754319112051}, {""key"": ""e"", ""timestamp"": 1754319112141}, {""key"": ""n"", ""timestamp"": 1754319112314}, {""key"": ""c"", ""timestamp"": 1754319112486}, {""key"": ""e"", ""timestamp"": 1754319112613}, {""key"": ""r"", ""timestamp"": 1754319112748}, {""key"": ""s"", ""timestamp"": 1754319112898}, {""key"": "" "", ""timestamp"": 1754319113108}, {""key"": ""w"", ""timestamp"": 1754319113356}, {""key"": ""e"", ""timestamp"": 1754319113438}, {""key"": ""n"", ""timestamp"": 1754319113626}, {""key"": ""t"", ""timestamp"": 1754319113755}, {""key"": ""o"", ""timestamp"": 1754319113963}, {""key"": ""r"", ""timestamp"": 1754319114084}, {""key"": "" "", ""timestamp"": 1754319114218}, {""key"": ""s"", ""timestamp"": 1754319114421}, {""key"": ""u"", ""timestamp"": 1754319114594}, {""key"": ""n"", ""timestamp"": 1754319114803}, {""key"": ""c"", ""timestamp"": 1754319114939}, {""key"": ""h"", ""timestamp"": 1754319115044}, {""key"": "" "", ""timestamp"": 1754319115232}, {""key"": ""f"", ""timestamp"": 1754319115390}, {""key"": ""a"", ""timestamp"": 1754319115539}, {""key"": ""t"", ""timestamp"": 1754319115727}, {""key"": ""i"", ""timestamp"": 1754319115875}, {""key"": ""m"", ""timestamp"": 1754319116093}, {""key"": ""a"", ""timestamp"": 1754319116222}, {""key"": ""n"", ""timestamp"": 1754319116318}, {""key"": ""d"", ""timestamp"": 1754319116490}, {""key"": "" "", ""timestamp"": 1754319116724}, {""key"": ""s"", ""timestamp"": 1754319116903}, {""key"": ""t"", ""timestamp"": 1754319117023}, {""key"": ""a"", ""timestamp"": 1754319117211}, {""key"": ""r"", ""timestamp"": 1754319117375}, {""key"": ""g"", ""timestamp"": 1754319117714}, {""key"": ""e"", ""timestamp"": 1754319117818}, {""key"": ""t"", ""timestamp"": 1754319117954}, {""key"": ""."", ""timestamp"": 1754319118171}]","[{""error_type"": ""omission"", ""input"": ""e"", ""target"": ""t""}]",3,4,0,2,178.891304347826
64,5,baseline,"kickspeck kifferent pells fi, ints anding fi hanchoin jus resh.",1754319118951.0,1754319131672.0,"[{""key"": ""k"", ""timestamp"": 1754319118951}, {""key"": ""i"", ""timestamp"": 1754319119139}, {""key"": ""c"", ""timestamp"": 1754319119236}, {""key"": ""k"", ""timestamp"": 1754319119378}, {""key"": ""s"", ""timestamp"": 1754319119762}, {""key"": ""p"", ""timestamp"": 1754319119896}, {""key"": ""e"", ""timestamp"": 1754319120031}, {""key"": ""c"", ""timestamp"": 1754319120233}, {""key"": ""k"", ""timestamp"": 1754319120361}, {""key"": "" "", ""timestamp"": 1754319120548}, {""key"": ""k"", ""timestamp"": 1754319120767}, {""key"": ""i"", ""timestamp"": 1754319120930}, {""key"": ""f"", ""timestamp"": 1754319121036}, {""key"": ""f"", ""timestamp"": 1754319121178}, {""key"": ""e"", ""timestamp"": 1754319121313}, {""key"": ""r"", ""timestamp"": 1754319121395}, {""key"": ""e"", ""timestamp"": 1754319121486}, {""key"": ""n"", ""timestamp"": 1754319121643}, {""key"": ""t"", ""timestamp"": 1754319121741}, {""key"": "" "", ""timestamp"": 1754319121883}, {""key"": ""p"", ""timestamp"": 1754319122063}, {""key"": ""e"", ""timestamp"": 1754319122171}, {""key"": ""l"", ""timestamp"": 1754319122319}, {""key"": ""l"", ""timestamp"": 1754319122453}, {""key"": ""s"", ""timestamp"": 1754319122618}, {""key"": ""."", ""timestamp"": 1754319122791}, {""key"": ""Backspace"", ""timestamp"": 1754319123316}, {""key"": "" "", ""timestamp"": 1754319123518}, {""key"": ""f"", ""timestamp"": 1754319123759}, {""key"": ""i"", ""timestamp"": 1754319123969}, {""key"": "" "", ""timestamp"": 1754319124186}, {""key"": ""Backspace"", ""timestamp"": 1754319124523}, {""key"": "","", ""timestamp"": 1754319124787}, {""key"": "" "", ""timestamp"": 1754319124959}, {""key"": ""i"", ""timestamp"": 1754319125168}, {""key"": ""n"", ""timestamp"": 1754319125401}, {""key"": ""t"", ""timestamp"": 1754319125543}, {""key"": ""s"", ""timestamp"": 1754319125687}, {""key"": "" "", ""timestamp"": 1754319126145}, {""key"": ""a"", ""timestamp"": 1754319126405}, {""key"": ""n"", ""timestamp"": 1754319126534}, {""key"": ""d"", ""timestamp"": 1754319126623}, {""key"": ""i"", ""timestamp"": 1754319126924}, {""key"": ""n"", ""timestamp"": 1754319127133}, {""key"": ""g"", ""timestamp"": 1754319127261}, {""key"": "" "", ""timestamp"": 1754319127368}, {""key"": ""f"", ""timestamp"": 1754319127531}, {""key"": ""i"", ""timestamp"": 1754319127613}, {""key"": "" "", ""timestamp"": 1754319127756}, {""key"": ""h"", ""timestamp"": 1754319128313}, {""key"": ""a"", ""timestamp"": 1754319128460}, {""key"": ""n"", ""timestamp"": 1754319128625}, {""key"": ""c"", ""timestamp"": 1754319128835}, {""key"": ""h"", ""timestamp"": 1754319128970}, {""key"": ""o"", ""timestamp"": 1754319129195}, {""key"": ""i"", ""timestamp"": 1754319129309}, {""key"": ""n"", ""timestamp"": 1754319129520}, {""key"": "" "", ""timestamp"": 1754319129676}, {""key"": ""j"", ""timestamp"": 1754319129850}, {""key"": ""u"", ""timestamp"": 1754319130238}, {""key"": ""s"", ""timestamp"": 1754319130486}, {""key"": "" "", ""timestamp"": 1754319130704}, {""key"": ""r"", ""timestamp"": 1754319130928}, {""key"": ""e"", ""timestamp"": 1754319130982}, {""key"": ""s"", ""timestamp"": 1754319131169}, {""key"": ""h"", ""timestamp"": 1754319131318}, {""key"": ""."", ""timestamp"": 1754319131671}]","[{""error_type"": ""omission"", ""input"": ""f"", ""target"": ""f""}, {""error_type"": ""transposition"", ""input"": ""ff"", ""target"": ""ff""}, {""error_type"": ""omission"", ""input"": ""l"", ""target"": ""l""}, {""error_type"": ""transposition"", ""input"": ""ll"", ""target"": ""ll""}, {""error_type"": ""omission"", ""input"": "" "", ""target"": "",""}]",5,7,0,2,201.920634920635
65,5,baseline,"sevent ruggling happentry rept, tex saidaw lasky upcoren nakes.",1754319132360.0,1754319143463.0,"[{""key"": ""s"", ""timestamp"": 1754319132360}, {""key"": ""e"", ""timestamp"": 1754319132639}, {""key"": ""v"", ""timestamp"": 1754319132826}, {""key"": ""e"", ""timestamp"": 1754319132931}, {""key"": ""n"", ""timestamp"": 1754319133298}, {""key"": ""t"", ""timestamp"": 1754319133434}, {""key"": "" "", ""timestamp"": 1754319133621}, {""key"": ""r"", ""timestamp"": 1754319133877}, {""key"": ""u"", ""timestamp"": 1754319133997}, {""key"": ""g"", ""timestamp"": 1754319134116}, {""key"": ""g"", ""timestamp"": 1754319134252}, {""key"": ""l"", ""timestamp"": 1754319134378}, {""key"": ""i"", ""timestamp"": 1754319134588}, {""key"": ""n"", ""timestamp"": 1754319134798}, {""key"": ""g"", ""timestamp"": 1754319134911}, {""key"": "" "", ""timestamp"": 1754319135001}, {""key"": ""h"", ""timestamp"": 1754319135144}, {""key"": ""a"", ""timestamp"": 1754319135263}, {""key"": ""p"", ""timestamp"": 1754319135421}, {""key"": ""p"", ""timestamp"": 1754319135548}, {""key"": ""e"", ""timestamp"": 1754319135700}, {""key"": ""n"", ""timestamp"": 1754319135796}, {""key"": ""t"", ""timestamp"": 1754319135938}, {""key"": ""r"", ""timestamp"": 1754319136096}, {""key"": ""y"", ""timestamp"": 1754319136269}, {""key"": "" "", ""timestamp"": 1754319136443}, {""key"": ""r"", ""timestamp"": 1754319136568}, {""key"": ""e"", ""timestamp"": 1754319136653}, {""key"": ""p"", ""timestamp"": 1754319136801}, {""key"": ""t"", ""timestamp"": 1754319136996}, {""key"": "","", ""timestamp"": 1754319137327}, {""key"": "" "", ""timestamp"": 1754319137514}, {""key"": ""t"", ""timestamp"": 1754319137755}, {""key"": ""e"", ""timestamp"": 1754319137837}, {""key"": ""x"", ""timestamp"": 1754319138077}, {""key"": "" "", ""timestamp"": 1754319138413}, {""key"": ""s"", ""timestamp"": 1754319138585}, {""key"": ""a"", ""timestamp"": 1754319138683}, {""key"": ""i"", ""timestamp"": 1754319138886}, {""key"": ""d"", ""timestamp"": 1754319138993}, {""key"": ""a"", ""timestamp"": 1754319139165}, {""key"": ""w"", ""timestamp"": 1754319139398}, {""key"": "" "", ""timestamp"": 1754319139569}, {""key"": ""l"", ""timestamp"": 1754319139786}, {""key"": ""a"", ""timestamp"": 1754319139862}, {""key"": ""s"", ""timestamp"": 1754319139989}, {""key"": ""k"", ""timestamp"": 1754319140146}, {""key"": ""y"", ""timestamp"": 1754319140394}, {""key"": "" "", ""timestamp"": 1754319140626}, {""key"": ""u"", ""timestamp"": 1754319141032}, {""key"": ""p"", ""timestamp"": 1754319141264}, {""key"": ""c"", ""timestamp"": 1754319141406}, {""key"": ""o"", ""timestamp"": 1754319141535}, {""key"": ""r"", ""timestamp"": 1754319141676}, {""key"": ""e"", ""timestamp"": 1754319141781}, {""key"": ""n"", ""timestamp"": 1754319142080}, {""key"": "" "", ""timestamp"": 1754319142298}, {""key"": ""n"", ""timestamp"": 1754319142494}, {""key"": ""a"", ""timestamp"": 1754319142538}, {""key"": ""k"", ""timestamp"": 1754319142726}, {""key"": ""e"", ""timestamp"": 1754319142853}, {""key"": ""s"", ""timestamp"": 1754319143078}, {""key"": ""."", ""timestamp"": 1754319143461}]","[{""error_type"": ""omission"", ""input"": ""g"", ""target"": ""g""}, {""error_type"": ""transposition"", ""input"": ""gg"", ""target"": ""gg""}, {""error_type"": ""omission"", ""input"": ""p"", ""target"": ""p""}, {""error_type"": ""transposition"", ""input"": ""pp"", ""target"": ""pp""}]",7,9,0,2,176.238095238095
66,5,baseline,"ubas tecon bankit, plandle os stis os, besters hannicatrace twent.",1754319144503.0,1754319157975.0,"[{""key"": ""u"", ""timestamp"": 1754319144503}, {""key"": ""b"", ""timestamp"": 1754319144773}, {""key"": ""a"", ""timestamp"": 1754319144923}, {""key"": ""s"", ""timestamp"": 1754319145134}, {""key"": "" "", ""timestamp"": 1754319145397}, {""key"": ""t"", ""timestamp"": 1754319145618}, {""key"": ""e"", ""timestamp"": 1754319145705}, {""key"": ""c"", ""timestamp"": 1754319145961}, {""key"": ""o"", ""timestamp"": 1754319146086}, {""key"": ""n"", ""timestamp"": 1754319146303}, {""key"": "" "", ""timestamp"": 1754319146455}, {""key"": ""b"", ""timestamp"": 1754319146708}, {""key"": ""a"", ""timestamp"": 1754319146813}, {""key"": ""n"", ""timestamp"": 1754319146949}, {""key"": ""k"", ""timestamp"": 1754319147218}, {""key"": ""i"", ""timestamp"": 1754319147414}, {""key"": ""t"", ""timestamp"": 1754319147548}, {""key"": "","", ""timestamp"": 1754319148090}, {""key"": "" "", ""timestamp"": 1754319148313}, {""key"": ""p"", ""timestamp"": 1754319148703}, {""key"": ""l"", ""timestamp"": 1754319148846}, {""key"": ""a"", ""timestamp"": 1754319148951}, {""key"": ""n"", ""timestamp"": 1754319149153}, {""key"": ""d"", ""timestamp"": 1754319149356}, {""key"": ""l"", ""timestamp"": 1754319149535}, {""key"": ""e"", ""timestamp"": 1754319149678}, {""key"": "" "", ""timestamp"": 1754319150128}, {""key"": ""o"", ""timestamp"": 1754319150301}, {""key"": ""s"", ""timestamp"": 1754319150421}, {""key"": "" "", ""timestamp"": 1754319150654}, {""key"": ""s"", ""timestamp"": 1754319150992}, {""key"": ""t"", ""timestamp"": 1754319151111}, {""key"": ""i"", ""timestamp"": 1754319151299}, {""key"": ""s"", ""timestamp"": 1754319151532}, {""key"": "" "", ""timestamp"": 1754319151914}, {""key"": ""o"", ""timestamp"": 1754319152094}, {""key"": ""s"", ""timestamp"": 1754319152228}, {""key"": "","", ""timestamp"": 1754319152529}, {""key"": "" "", ""timestamp"": 1754319152746}, {""key"": ""b"", ""timestamp"": 1754319153068}, {""key"": ""e"", ""timestamp"": 1754319153183}, {""key"": ""s"", ""timestamp"": 1754319153370}, {""key"": ""t"", ""timestamp"": 1754319153474}, {""key"": ""e"", ""timestamp"": 1754319153600}, {""key"": ""r"", ""timestamp"": 1754319153707}, {""key"": ""s"", ""timestamp"": 1754319153863}, {""key"": "" "", ""timestamp"": 1754319154300}, {""key"": ""h"", ""timestamp"": 1754319154600}, {""key"": ""a"", ""timestamp"": 1754319154688}, {""key"": ""n"", ""timestamp"": 1754319154839}, {""key"": ""n"", ""timestamp"": 1754319154966}, {""key"": ""i"", ""timestamp"": 1754319155205}, {""key"": ""c"", ""timestamp"": 1754319155432}, {""key"": ""a"", ""timestamp"": 1754319155589}, {""key"": ""t"", ""timestamp"": 1754319155822}, {""key"": ""r"", ""timestamp"": 1754319156000}, {""key"": ""a"", ""timestamp"": 1754319156076}, {""key"": ""c"", ""timestamp"": 1754319156279}, {""key"": ""e"", ""timestamp"": 1754319156376}, {""key"": "" "", ""timestamp"": 1754319156661}, {""key"": ""t"", ""timestamp"": 1754319156871}, {""key"": ""w"", ""timestamp"": 1754319157013}, {""key"": ""e"", ""timestamp"": 1754319157352}, {""key"": ""n"", ""timestamp"": 1754319157546}, {""key"": ""t"", ""timestamp"": 1754319157651}, {""key"": ""."", ""timestamp"": 1754319157974}]","[{""error_type"": ""omission"", ""input"": ""n"", ""target"": ""n""}, {""error_type"": ""transposition"", ""input"": ""nn"", ""target"": ""nn""}]",8,10,0,2,204.121212121212
67,5,baseline,"savid hannicatrace gred sprin belents gandoff.",1754319158636.0,1754319166759.0,"[{""key"": ""s"", ""timestamp"": 1754319158636}, {""key"": ""a"", ""timestamp"": 1754319158852}, {""key"": ""v"", ""timestamp"": 1754319159001}, {""key"": ""i"", ""timestamp"": 1754319159196}, {""key"": ""d"", ""timestamp"": 1754319159301}, {""key"": "" "", ""timestamp"": 1754319159444}, {""key"": ""h"", ""timestamp"": 1754319159690}, {""key"": ""a"", ""timestamp"": 1754319159858}, {""key"": ""n"", ""timestamp"": 1754319159983}, {""key"": ""n"", ""timestamp"": 1754319160073}, {""key"": ""i"", ""timestamp"": 1754319160680}, {""key"": ""c"", ""timestamp"": 1754319160906}, {""key"": ""a"", ""timestamp"": 1754319161041}, {""key"": ""t"", ""timestamp"": 1754319161251}, {""key"": ""r"", ""timestamp"": 1754319161416}, {""key"": ""a"", ""timestamp"": 1754319161498}, {""key"": ""c"", ""timestamp"": 1754319161725}, {""key"": ""e"", ""timestamp"": 1754319161806}, {""key"": "" "", ""timestamp"": 1754319162031}, {""key"": ""g"", ""timestamp"": 1754319162234}, {""key"": ""r"", ""timestamp"": 1754319162399}, {""key"": ""e"", ""timestamp"": 1754319162511}, {""key"": ""d"", ""timestamp"": 1754319162759}, {""key"": "" "", ""timestamp"": 1754319163201}, {""key"": ""s"", ""timestamp"": 1754319163456}, {""key"": ""p"", ""timestamp"": 1754319163622}, {""key"": ""r"", ""timestamp"": 1754319163809}, {""key"": ""i"", ""timestamp"": 1754319163916}, {""key"": ""n"", ""timestamp"": 1754319164125}, {""key"": "" "", ""timestamp"": 1754319164311}, {""key"": ""b"", ""timestamp"": 1754319164618}, {""key"": ""e"", ""timestamp"": 1754319164761}, {""key"": ""l"", ""timestamp"": 1754319164895}, {""key"": ""e"", ""timestamp"": 1754319165016}, {""key"": ""n"", ""timestamp"": 1754319165136}, {""key"": ""t"", ""timestamp"": 1754319165263}, {""key"": ""s"", ""timestamp"": 1754319165383}, {""key"": "" "", ""timestamp"": 1754319165564}, {""key"": ""g"", ""timestamp"": 1754319165668}, {""key"": ""a"", ""timestamp"": 1754319165781}, {""key"": ""n"", ""timestamp"": 1754319165916}, {""key"": ""d"", ""timestamp"": 1754319166021}, {""key"": ""o"", ""timestamp"": 1754319166210}, {""key"": ""f"", ""timestamp"": 1754319166411}, {""key"": ""f"", ""timestamp"": 1754319166561}, {""key"": ""."", ""timestamp"": 1754319166757}]","[{""error_type"": ""omission"", ""input"": ""n"", ""target"": ""n""}, {""error_type"": ""transposition"", ""input"": ""nn"", ""target"": ""nn""}, {""error_type"": ""omission"", ""input"": ""f"", ""target"": ""f""}, {""error_type"": ""transposition"", ""input"": ""ff"", ""target"": ""ff""}]",10,12,0,2,176.586956521739
68,5,baseline,"soundid togetting lenew squick, cancake gred ruggling gon kims.",1754319167523.0,1754319180708.0,"[{""key"": ""s"", ""timestamp"": 1754319167523}, {""key"": ""o"", ""timestamp"": 1754319167664}, {""key"": ""u"", ""timestamp"": 1754319167845}, {""key"": ""n"", ""timestamp"": 1754319168099}, {""key"": ""d"", ""timestamp"": 1754319168196}, {""key"": ""i"", ""timestamp"": 1754319168324}, {""key"": ""d"", ""timestamp"": 1754319168473}, {""key"": "" "", ""timestamp"": 1754319168691}, {""key"": ""t"", ""timestamp"": 1754319168945}, {""key"": ""o"", ""timestamp"": 1754319169036}, {""key"": ""g"", ""timestamp"": 1754319169149}, {""key"": ""e"", ""timestamp"": 1754319169314}, {""key"": ""t"", ""timestamp"": 1754319169471}, {""key"": ""t"", ""timestamp"": 1754319169607}, {""key"": ""i"", ""timestamp"": 1754319169733}, {""key"": ""n"", ""timestamp"": 1754319169937}, {""key"": ""g"", ""timestamp"": 1754319170010}, {""key"": "" "", ""timestamp"": 1754319170138}, {""key"": ""l"", ""timestamp"": 1754319170296}, {""key"": ""e"", ""timestamp"": 1754319170393}, {""key"": ""n"", ""timestamp"": 1754319170626}, {""key"": ""e"", ""timestamp"": 1754319170776}, {""key"": ""w"", ""timestamp"": 1754319170926}, {""key"": "" "", ""timestamp"": 1754319171099}, {""key"": ""s"", ""timestamp"": 1754319171279}, {""key"": ""q"", ""timestamp"": 1754319171503}, {""key"": ""u"", ""timestamp"": 1754319171661}, {""key"": ""i"", ""timestamp"": 1754319171864}, {""key"": ""k"", ""timestamp"": 1754319172127}, {""key"": ""Backspace"", ""timestamp"": 1754319172569}, {""key"": ""c"", ""timestamp"": 1754319172718}, {""key"": ""k"", ""timestamp"": 1754319172846}, {""key"": "","", ""timestamp"": 1754319173115}, {""key"": "" "", ""timestamp"": 1754319173304}, {""key"": ""c"", ""timestamp"": 1754319173611}, {""key"": ""a"", ""timestamp"": 1754319173746}, {""key"": ""n"", ""timestamp"": 1754319173874}, {""key"": ""c"", ""timestamp"": 1754319174002}, {""key"": ""k"", ""timestamp"": 1754319174206}, {""key"": ""a"", ""timestamp"": 1754319174218}, {""key"": ""e"", ""timestamp"": 1754319174429}, {""key"": ""Backspace"", ""timestamp"": 1754319174773}, {""key"": ""Backspace"", ""timestamp"": 1754319174923}, {""key"": ""Backspace"", ""timestamp"": 1754319175089}, {""key"": ""a"", ""timestamp"": 1754319175449}, {""key"": ""k"", ""timestamp"": 1754319175591}, {""key"": ""e"", ""timestamp"": 1754319175735}, {""key"": "" "", ""timestamp"": 1754319176086}, {""key"": ""g"", ""timestamp"": 1754319176250}, {""key"": ""r"", ""timestamp"": 1754319176445}, {""key"": ""e"", ""timestamp"": 1754319176537}, {""key"": ""d"", ""timestamp"": 1754319176725}, {""key"": "" "", ""timestamp"": 1754319176881}, {""key"": ""r"", ""timestamp"": 1754319177361}, {""key"": ""u"", ""timestamp"": 1754319177528}, {""key"": ""g"", ""timestamp"": 1754319177616}, {""key"": ""g"", ""timestamp"": 1754319177759}, {""key"": ""l"", ""timestamp"": 1754319177900}, {""key"": ""i"", ""timestamp"": 1754319178096}, {""key"": ""n"", ""timestamp"": 1754319178291}, {""key"": ""g"", ""timestamp"": 1754319178388}, {""key"": "" "", ""timestamp"": 1754319178493}, {""key"": ""g"", ""timestamp"": 1754319178592}, {""key"": ""o"", ""timestamp"": 1754319178690}, {""key"": ""n"", ""timestamp"": 1754319178907}, {""key"": "" "", ""timestamp"": 1754319179056}, {""key"": ""k"", ""timestamp"": 1754319179259}, {""key"": ""i"", ""timestamp"": 1754319179476}, {""key"": ""m"", ""timestamp"": 1754319179708}, {""key"": ""n"", ""timestamp"": 1754319179904}, {""key"": ""Backspace"", ""timestamp"": 1754319180361}, {""key"": ""s"", ""timestamp"": 1754319180458}, {""key"": ""."", ""timestamp"": 1754319180706}]","[{""error_type"": ""omission"", ""input"": ""t"", ""target"": ""t""}, {""error_type"": ""transposition"", ""input"": ""tt"", ""target"": ""tt""}, {""error_type"": ""omission"", ""input"": ""k"", ""target"": ""c""}, {""error_type"": ""omission"", ""input"": ""k"", ""target"": ""a""}, {""error_type"": ""transposition"", ""input"": ""ka"", ""target"": ""ak""}, {""error_type"": ""addidtion"", ""input"": ""cka"", ""target"": ""ca""}, {""error_type"": ""omission"", ""input"": ""g"", ""target"": ""g""}, {""error_type"": ""transposition"", ""input"": ""gg"", ""target"": ""gg""}]",13,16,0,3,209.285714285714
69,5,baseline,"tast os askets classengers, jobjector tanin fi, besters gast.",1754319181636.0,1754319193600.0,"[{""key"": ""t"", ""timestamp"": 1754319181636}, {""key"": ""a"", ""timestamp"": 1754319181772}, {""key"": ""s"", ""timestamp"": 1754319182116}, {""key"": ""t"", ""timestamp"": 1754319182298}, {""key"": "" "", ""timestamp"": 1754319182536}, {""key"": ""o"", ""timestamp"": 1754319182701}, {""key"": ""s"", ""timestamp"": 1754319182790}, {""key"": "" "", ""timestamp"": 1754319183016}, {""key"": ""a"", ""timestamp"": 1754319183219}, {""key"": ""s"", ""timestamp"": 1754319183332}, {""key"": ""k"", ""timestamp"": 1754319183526}, {""key"": ""e"", ""timestamp"": 1754319183668}, {""key"": ""t"", ""timestamp"": 1754319183863}, {""key"": ""s"", ""timestamp"": 1754319184014}, {""key"": "" "", ""timestamp"": 1754319184193}, {""key"": ""c"", ""timestamp"": 1754319184487}, {""key"": ""l"", ""timestamp"": 1754319184600}, {""key"": ""a"", ""timestamp"": 1754319184718}, {""key"": ""s"", ""timestamp"": 1754319184823}, {""key"": ""s"", ""timestamp"": 1754319184989}, {""key"": ""e"", ""timestamp"": 1754319185266}, {""key"": ""n"", ""timestamp"": 1754319185446}, {""key"": ""g"", ""timestamp"": 1754319185536}, {""key"": ""e"", ""timestamp"": 1754319185633}, {""key"": ""r"", ""timestamp"": 1754319185756}, {""key"": ""s"", ""timestamp"": 1754319185873}, {""key"": "","", ""timestamp"": 1754319186143}, {""key"": "" "", ""timestamp"": 1754319186368}, {""key"": ""j"", ""timestamp"": 1754319187471}, {""key"": ""o"", ""timestamp"": 1754319187666}, {""key"": ""b"", ""timestamp"": 1754319187966}, {""key"": ""j"", ""timestamp"": 1754319188506}, {""key"": ""e"", ""timestamp"": 1754319188656}, {""key"": ""c"", ""timestamp"": 1754319188813}, {""key"": ""t"", ""timestamp"": 1754319189001}, {""key"": ""o"", ""timestamp"": 1754319189091}, {""key"": ""r"", ""timestamp"": 1754319189204}, {""key"": "" "", ""timestamp"": 1754319189331}, {""key"": ""t"", ""timestamp"": 1754319189489}, {""key"": ""a"", ""timestamp"": 1754319189609}, {""key"": ""n"", ""timestamp"": 1754319189767}, {""key"": ""i"", ""timestamp"": 1754319189931}, {""key"": ""n"", ""timestamp"": 1754319190073}, {""key"": "" "", ""timestamp"": 1754319190247}, {""key"": ""f"", ""timestamp"": 1754319190398}, {""key"": ""i"", ""timestamp"": 1754319190511}, {""key"": "","", ""timestamp"": 1754319190795}, {""key"": "" "", ""timestamp"": 1754319190981}, {""key"": ""b"", ""timestamp"": 1754319191229}, {""key"": ""e"", ""timestamp"": 1754319191327}, {""key"": ""s"", ""timestamp"": 1754319191521}, {""key"": ""t"", ""timestamp"": 1754319191603}, {""key"": ""e"", ""timestamp"": 1754319191754}, {""key"": ""r"", ""timestamp"": 1754319191866}, {""key"": ""s"", ""timestamp"": 1754319191994}, {""key"": "" "", ""timestamp"": 1754319192391}, {""key"": ""g"", ""timestamp"": 1754319192525}, {""key"": ""a"", ""timestamp"": 1754319192653}, {""key"": ""s"", ""timestamp"": 1754319192841}, {""key"": ""t"", ""timestamp"": 1754319193081}, {""key"": ""."", ""timestamp"": 1754319193599}]","[{""error_type"": ""omission"", ""input"": ""s"", ""target"": ""s""}, {""error_type"": ""transposition"", ""input"": ""ss"", ""target"": ""ss""}]",14,17,0,3,196.131147540984
70,5,baseline,"shood yeardering nat os twent kickspeck, thebemmer clively sprin hanchoin.",1754319194431.0,1754319210669.0,"[{""key"": ""s"", ""timestamp"": 1754319194431}, {""key"": ""h"", ""timestamp"": 1754319194521}, {""key"": ""o"", ""timestamp"": 1754319194753}, {""key"": ""o"", ""timestamp"": 1754319194881}, {""key"": ""d"", ""timestamp"": 1754319195008}, {""key"": "" "", ""timestamp"": 1754319195173}, {""key"": ""y"", ""timestamp"": 1754319195700}, {""key"": ""e"", ""timestamp"": 1754319195751}, {""key"": ""a"", ""timestamp"": 1754319195863}, {""key"": ""r"", ""timestamp"": 1754319195983}, {""key"": ""d"", ""timestamp"": 1754319196336}, {""key"": ""e"", ""timestamp"": 1754319196524}, {""key"": ""r"", ""timestamp"": 1754319196622}, {""key"": ""i"", ""timestamp"": 1754319196824}, {""key"": ""n"", ""timestamp"": 1754319197041}, {""key"": ""g"", ""timestamp"": 1754319197163}, {""key"": "" "", ""timestamp"": 1754319197289}, {""key"": ""n"", ""timestamp"": 1754319197581}, {""key"": ""a"", ""timestamp"": 1754319197686}, {""key"": ""t"", ""timestamp"": 1754319197806}, {""key"": "" "", ""timestamp"": 1754319198002}, {""key"": ""o"", ""timestamp"": 1754319198233}, {""key"": ""s"", ""timestamp"": 1754319198331}, {""key"": "" "", ""timestamp"": 1754319198608}, {""key"": ""t"", ""timestamp"": 1754319198826}, {""key"": ""w"", ""timestamp"": 1754319199014}, {""key"": ""e"", ""timestamp"": 1754319199148}, {""key"": ""n"", ""timestamp"": 1754319199336}, {""key"": ""t"", ""timestamp"": 1754319199449}, {""key"": "" "", ""timestamp"": 1754319199643}, {""key"": ""k"", ""timestamp"": 1754319199960}, {""key"": ""i"", ""timestamp"": 1754319200160}, {""key"": ""c"", ""timestamp"": 1754319200244}, {""key"": ""k"", ""timestamp"": 1754319200453}, {""key"": ""s"", ""timestamp"": 1754319200746}, {""key"": ""p"", ""timestamp"": 1754319200882}, {""key"": ""e"", ""timestamp"": 1754319200964}, {""key"": ""c"", ""timestamp"": 1754319201182}, {""key"": "","", ""timestamp"": 1754319201353}, {""key"": ""Backspace"", ""timestamp"": 1754319201917}, {""key"": ""k"", ""timestamp"": 1754319202351}, {""key"": "","", ""timestamp"": 1754319202652}, {""key"": "" "", ""timestamp"": 1754319202824}, {""key"": ""t"", ""timestamp"": 1754319203162}, {""key"": ""h"", ""timestamp"": 1754319203328}, {""key"": ""e"", ""timestamp"": 1754319203447}, {""key"": ""m"", ""timestamp"": 1754319203611}, {""key"": ""b"", ""timestamp"": 1754319203858}, {""key"": ""Backspace"", ""timestamp"": 1754319204279}, {""key"": ""Backspace"", ""timestamp"": 1754319204461}, {""key"": ""b"", ""timestamp"": 1754319204983}, {""key"": ""e"", ""timestamp"": 1754319205202}, {""key"": ""m"", ""timestamp"": 1754319205510}, {""key"": ""m"", ""timestamp"": 1754319205657}, {""key"": ""e"", ""timestamp"": 1754319205822}, {""key"": ""r"", ""timestamp"": 1754319205913}, {""key"": "" "", ""timestamp"": 1754319206139}, {""key"": ""c"", ""timestamp"": 1754319206312}, {""key"": ""l"", ""timestamp"": 1754319206394}, {""key"": ""i"", ""timestamp"": 1754319206588}, {""key"": ""v"", ""timestamp"": 1754319206716}, {""key"": ""e"", ""timestamp"": 1754319206836}, {""key"": ""l"", ""timestamp"": 1754319206934}, {""key"": ""y"", ""timestamp"": 1754319207099}, {""key"": "" "", ""timestamp"": 1754319207219}, {""key"": ""s"", ""timestamp"": 1754319207376}, {""key"": ""p"", ""timestamp"": 1754319207512}, {""key"": ""r"", ""timestamp"": 1754319207646}, {""key"": ""i"", ""timestamp"": 1754319207758}, {""key"": ""n"", ""timestamp"": 1754319207946}, {""key"": "" "", ""timestamp"": 1754319208140}, {""key"": ""h"", ""timestamp"": 1754319208344}, {""key"": ""a"", ""timestamp"": 1754319208515}, {""key"": ""n"", ""timestamp"": 1754319208673}, {""key"": ""c"", ""timestamp"": 1754319208900}, {""key"": ""h"", ""timestamp"": 1754319209034}, {""key"": ""o"", ""timestamp"": 1754319209236}, {""key"": ""i"", ""timestamp"": 1754319209318}, {""key"": ""n"", ""timestamp"": 1754319209543}, {""key"": "","", ""timestamp"": 1754319209866}, {""key"": ""Backspace"", ""timestamp"": 1754319210399}, {""key"": ""."", ""timestamp"": 1754319210669}]","[{""error_type"": ""omission"", ""input"": ""o"", ""target"": ""o""}, {""error_type"": ""transposition"", ""input"": ""oo"", ""target"": ""oo""}, {""error_type"": ""omission"", ""input"": "","", ""target"": ""k""}, {""error_type"": ""substitution"", ""input"": "","", ""target"": ""k""}, {""error_type"": ""addidtion"", ""input"": ""emb"", ""target"": ""eb""}, {""error_type"": ""omission"", ""input"": ""m"", ""target"": ""m""}, {""error_type"": ""transposition"", ""input"": ""mm"", ""target"": ""mm""}, {""error_type"": ""substitution"", ""input"": "","", ""target"": "".""}]",16,20,2,4,219.432432432432
71,6,baseline,"crings fi fi paren.",1754321230900.0,1754321241238.0,"[{""key"": ""c"", ""timestamp"": 1754321230900}, {""key"": ""r"", ""timestamp"": 1754321231364}, {""key"": ""i"", ""timestamp"": 1754321231483}, {""key"": ""n"", ""timestamp"": 1754321231678}, {""key"": ""g"", ""timestamp"": 1754321231768}, {""key"": ""s"", ""timestamp"": 1754321232887}, {""key"": ""Backspace"", ""timestamp"": 1754321233785}, {""key"": ""Delete"", ""timestamp"": 1754321234798}, {""key"": ""Delete"", ""timestamp"": 1754321235023}, {""key"": ""Delete"", ""timestamp"": 1754321237371}, {""key"": ""Delete"", ""timestamp"": 1754321237581}, {""key"": ""s"", ""timestamp"": 1754321238270}, {""key"": "" "", ""timestamp"": 1754321238631}, {""key"": ""f"", ""timestamp"": 1754321238842}, {""key"": ""i"", ""timestamp"": 1754321238953}, {""key"": "" "", ""timestamp"": 1754321239143}, {""key"": ""f"", ""timestamp"": 1754321239321}, {""key"": ""i"", ""timestamp"": 1754321239411}, {""key"": "" "", ""timestamp"": 1754321239538}, {""key"": ""p"", ""timestamp"": 1754321239861}, {""key"": ""a"", ""timestamp"": 1754321240041}, {""key"": ""r"", ""timestamp"": 1754321240574}, {""key"": ""e"", ""timestamp"": 1754321240806}, {""key"": ""n"", ""timestamp"": 1754321240925}, {""key"": ""."", ""timestamp"": 1754321241237}]",[],0,0,0,0,2584.5
72,6,baseline,"oleadossing gon lorick pells.",1754321242448.0,1754321247700.0,"[{""key"": ""o"", ""timestamp"": 1754321242448}, {""key"": ""l"", ""timestamp"": 1754321242659}, {""key"": ""e"", ""timestamp"": 1754321242802}, {""key"": ""a"", ""timestamp"": 1754321242868}, {""key"": ""d"", ""timestamp"": 1754321243080}, {""key"": ""o"", ""timestamp"": 1754321243263}, {""key"": ""s"", ""timestamp"": 1754321243393}, {""key"": ""s"", ""timestamp"": 1754321243536}, {""key"": ""i"", ""timestamp"": 1754321243633}, {""key"": ""n"", ""timestamp"": 1754321243813}, {""key"": ""g"", ""timestamp"": 1754321243911}, {""key"": "" "", ""timestamp"": 1754321244009}, {""key"": ""g"", ""timestamp"": 1754321244106}, {""key"": ""o"", ""timestamp"": 1754321244218}, {""key"": ""n"", ""timestamp"": 1754321244413}, {""key"": "" "", ""timestamp"": 1754321244571}, {""key"": ""l"", ""timestamp"": 1754321244714}, {""key"": ""o"", ""timestamp"": 1754321245404}, {""key"": ""r"", ""timestamp"": 1754321245568}, {""key"": ""i"", ""timestamp"": 1754321245657}, {""key"": ""c"", ""timestamp"": 1754321246071}, {""key"": ""k"", ""timestamp"": 1754321246205}, {""key"": "" "", ""timestamp"": 1754321246641}, {""key"": ""p"", ""timestamp"": 1754321246852}, {""key"": ""e"", ""timestamp"": 1754321246986}, {""key"": ""l"", ""timestamp"": 1754321247114}, {""key"": ""l"", ""timestamp"": 1754321247241}, {""key"": ""s"", ""timestamp"": 1754321247473}, {""key"": ""."", ""timestamp"": 1754321247698}]","[{""error_type"": ""omission"", ""input"": ""s"", ""target"": ""s""}, {""error_type"": ""transposition"", ""input"": ""ss"", ""target"": ""ss""}, {""error_type"": ""omission"", ""input"": ""l"", ""target"": ""l""}, {""error_type"": ""transposition"", ""input"": ""ll"", ""target"": ""ll""}]",2,2,0,0,1313.0
73,6,baseline,"orten depencers wentor sunch fatimand starget.",1754321259769.0,1754321268686.0,"[{""key"": ""o"", ""timestamp"": 1754321259769}, {""key"": ""r"", ""timestamp"": 1754321260261}, {""key"": ""t"", ""timestamp"": 1754321260599}, {""key"": ""e"", ""timestamp"": 1754321260721}, {""key"": ""n"", ""timestamp"": 1754321261260}, {""key"": "" "", ""timestamp"": 1754321261486}, {""key"": ""d"", ""timestamp"": 1754321261627}, {""key"": ""e"", ""timestamp"": 1754321261823}, {""key"": ""p"", ""timestamp"": 1754321261986}, {""key"": ""e"", ""timestamp"": 1754321262146}, {""key"": ""n"", ""timestamp"": 1754321262325}, {""key"": ""c"", ""timestamp"": 1754321262760}, {""key"": ""e"", ""timestamp"": 1754321262880}, {""key"": ""r"", ""timestamp"": 1754321263016}, {""key"": ""s"", ""timestamp"": 1754321263149}, {""key"": "" "", ""timestamp"": 1754321263322}, {""key"": ""w"", ""timestamp"": 1754321263502}, {""key"": ""e"", ""timestamp"": 1754321263584}, {""key"": ""n"", ""timestamp"": 1754321263772}, {""key"": ""t"", ""timestamp"": 1754321263894}, {""key"": ""e"", ""timestamp"": 1754321263998}, {""key"": ""Backspace"", ""timestamp"": 1754321264431}, {""key"": ""o"", ""timestamp"": 1754321264635}, {""key"": ""r"", ""timestamp"": 1754321264807}, {""key"": "" "", ""timestamp"": 1754321264896}, {""key"": ""s"", ""timestamp"": 1754321265189}, {""key"": ""u"", ""timestamp"": 1754321265311}, {""key"": ""n"", ""timestamp"": 1754321265520}, {""key"": ""c"", ""timestamp"": 1754321265640}, {""key"": ""h"", ""timestamp"": 1754321265722}, {""key"": "" "", ""timestamp"": 1754321265895}, {""key"": ""f"", ""timestamp"": 1754321266006}, {""key"": ""a"", ""timestamp"": 1754321266118}, {""key"": ""t"", ""timestamp"": 1754321266262}, {""key"": ""i"", ""timestamp"": 1754321266396}, {""key"": ""m"", ""timestamp"": 1754321266607}, {""key"": ""a"", ""timestamp"": 1754321266727}, {""key"": ""n"", ""timestamp"": 1754321266810}, {""key"": ""d"", ""timestamp"": 1754321266982}, {""key"": "" "", ""timestamp"": 1754321267161}, {""key"": ""s"", ""timestamp"": 1754321267312}, {""key"": ""t"", ""timestamp"": 1754321267469}, {""key"": ""a"", ""timestamp"": 1754321267612}, {""key"": ""r"", ""timestamp"": 1754321267754}, {""key"": ""g"", ""timestamp"": 1754321268138}, {""key"": ""e"", ""timestamp"": 1754321268279}, {""key"": ""t"", ""timestamp"": 1754321268407}, {""key"": ""."", ""timestamp"": 1754321268685}]",[],2,2,0,0,1486.16666666667
74,6,baseline,"kickspeck kifferent pells fi, ints anding fi hanchoin jus resh.",1754321269509.0,1754321281661.0,"[{""key"": ""k"", ""timestamp"": 1754321269509}, {""key"": ""i"", ""timestamp"": 1754321269675}, {""key"": ""c"", ""timestamp"": 1754321269779}, {""key"": ""k"", ""timestamp"": 1754321269885}, {""key"": ""s"", ""timestamp"": 1754321270154}, {""key"": ""p"", ""timestamp"": 1754321270312}, {""key"": ""e"", ""timestamp"": 1754321270432}, {""key"": ""c"", ""timestamp"": 1754321270634}, {""key"": ""k"", ""timestamp"": 1754321270740}, {""key"": "" "", ""timestamp"": 1754321270904}, {""key"": ""k"", ""timestamp"": 1754321271077}, {""key"": ""i"", ""timestamp"": 1754321271264}, {""key"": ""f"", ""timestamp"": 1754321271369}, {""key"": ""f"", ""timestamp"": 1754321271520}, {""key"": ""e"", ""timestamp"": 1754321271664}, {""key"": ""r"", ""timestamp"": 1754321271730}, {""key"": ""e"", ""timestamp"": 1754321271820}, {""key"": ""n"", ""timestamp"": 1754321271924}, {""key"": ""t"", ""timestamp"": 1754321272045}, {""key"": "" "", ""timestamp"": 1754321272180}, {""key"": ""p"", ""timestamp"": 1754321272405}, {""key"": ""e"", ""timestamp"": 1754321272494}, {""key"": ""l"", ""timestamp"": 1754321272638}, {""key"": ""l"", ""timestamp"": 1754321272817}, {""key"": ""s"", ""timestamp"": 1754321273274}, {""key"": ""."", ""timestamp"": 1754321273515}, {""key"": "" "", ""timestamp"": 1754321273875}, {""key"": ""Backspace"", ""timestamp"": 1754321274130}, {""key"": ""Backspace"", ""timestamp"": 1754321274281}, {""key"": "" "", ""timestamp"": 1754321274512}, {""key"": ""f"", ""timestamp"": 1754321274723}, {""key"": ""i"", ""timestamp"": 1754321274829}, {""key"": "" "", ""timestamp"": 1754321275022}, {""key"": ""Backspace"", ""timestamp"": 1754321275299}, {""key"": "","", ""timestamp"": 1754321275561}, {""key"": "" "", ""timestamp"": 1754321275847}, {""key"": ""i"", ""timestamp"": 1754321276170}, {""key"": ""n"", ""timestamp"": 1754321276379}, {""key"": ""t"", ""timestamp"": 1754321276499}, {""key"": ""s"", ""timestamp"": 1754321276619}, {""key"": "" "", ""timestamp"": 1754321276769}, {""key"": ""a"", ""timestamp"": 1754321277002}, {""key"": ""n"", ""timestamp"": 1754321277107}, {""key"": ""d"", ""timestamp"": 1754321277212}, {""key"": ""i"", ""timestamp"": 1754321277453}, {""key"": ""n"", ""timestamp"": 1754321277639}, {""key"": ""g"", ""timestamp"": 1754321277753}, {""key"": "" "", ""timestamp"": 1754321277826}, {""key"": ""f"", ""timestamp"": 1754321278007}, {""key"": ""i"", ""timestamp"": 1754321278081}, {""key"": "" "", ""timestamp"": 1754321278209}, {""key"": ""h"", ""timestamp"": 1754321278517}, {""key"": ""a"", ""timestamp"": 1754321278638}, {""key"": ""n"", ""timestamp"": 1754321278772}, {""key"": ""c"", ""timestamp"": 1754321279162}, {""key"": ""h"", ""timestamp"": 1754321279350}, {""key"": ""o"", ""timestamp"": 1754321279560}, {""key"": ""i"", ""timestamp"": 1754321279664}, {""key"": ""n"", ""timestamp"": 1754321279881}, {""key"": "" "", ""timestamp"": 1754321280032}, {""key"": ""j"", ""timestamp"": 1754321280211}, {""key"": ""u"", ""timestamp"": 1754321280392}, {""key"": ""s"", ""timestamp"": 1754321280489}, {""key"": "" "", ""timestamp"": 1754321280699}, {""key"": ""r"", ""timestamp"": 1754321280857}, {""key"": ""e"", ""timestamp"": 1754321280909}, {""key"": ""s"", ""timestamp"": 1754321281142}, {""key"": ""h"", ""timestamp"": 1754321281262}, {""key"": ""."", ""timestamp"": 1754321281660}]","[{""error_type"": ""omission"", ""input"": ""f"", ""target"": ""f""}, {""error_type"": ""transposition"", ""input"": ""ff"", ""target"": ""ff""}, {""error_type"": ""omission"", ""input"": ""l"", ""target"": ""l""}, {""error_type"": ""transposition"", ""input"": ""ll"", ""target"": ""ll""}, {""error_type"": ""addidtion"", ""input"": ""s. "", ""target"": ""s ""}, {""error_type"": ""omission"", ""input"": "" "", ""target"": "",""}]",4,5,0,1,1215.2
75,6,baseline,"sevent ruggling happentry rept, tex saidaw lasky upcoren nakes.",1754321282604.0,1754321293608.0,"[{""key"": ""s"", ""timestamp"": 1754321282604}, {""key"": ""e"", ""timestamp"": 1754321282905}, {""key"": ""v"", ""timestamp"": 1754321283138}, {""key"": ""e"", ""timestamp"": 1754321283211}, {""key"": ""n"", ""timestamp"": 1754321283535}, {""key"": ""t"", ""timestamp"": 1754321283699}, {""key"": "" "", ""timestamp"": 1754321283842}, {""key"": ""r"", ""timestamp"": 1754321284233}, {""key"": ""u"", ""timestamp"": 1754321284375}, {""key"": ""g"", ""timestamp"": 1754321284571}, {""key"": ""g"", ""timestamp"": 1754321284719}, {""key"": ""l"", ""timestamp"": 1754321284818}, {""key"": ""i"", ""timestamp"": 1754321285012}, {""key"": ""n"", ""timestamp"": 1754321285222}, {""key"": ""g"", ""timestamp"": 1754321285357}, {""key"": "" "", ""timestamp"": 1754321285417}, {""key"": ""h"", ""timestamp"": 1754321285634}, {""key"": ""a"", ""timestamp"": 1754321285755}, {""key"": ""p"", ""timestamp"": 1754321285920}, {""key"": ""p"", ""timestamp"": 1754321286070}, {""key"": ""e"", ""timestamp"": 1754321286190}, {""key"": ""n"", ""timestamp"": 1754321286309}, {""key"": ""t"", ""timestamp"": 1754321286474}, {""key"": ""r"", ""timestamp"": 1754321286707}, {""key"": ""y"", ""timestamp"": 1754321286842}, {""key"": "" "", ""timestamp"": 1754321286992}, {""key"": ""r"", ""timestamp"": 1754321287375}, {""key"": ""e"", ""timestamp"": 1754321287421}, {""key"": ""p"", ""timestamp"": 1754321287638}, {""key"": ""t"", ""timestamp"": 1754321287775}, {""key"": "" "", ""timestamp"": 1754321287892}, {""key"": ""Backspace"", ""timestamp"": 1754321288259}, {""key"": "","", ""timestamp"": 1754321288387}, {""key"": "" "", ""timestamp"": 1754321288575}, {""key"": ""t"", ""timestamp"": 1754321288814}, {""key"": ""e"", ""timestamp"": 1754321288875}, {""key"": ""x"", ""timestamp"": 1754321289085}, {""key"": "" "", ""timestamp"": 1754321289250}, {""key"": ""s"", ""timestamp"": 1754321289483}, {""key"": ""a"", ""timestamp"": 1754321289594}, {""key"": ""i"", ""timestamp"": 1754321289730}, {""key"": ""d"", ""timestamp"": 1754321289804}, {""key"": ""a"", ""timestamp"": 1754321289993}, {""key"": ""w"", ""timestamp"": 1754321290119}, {""key"": "" "", ""timestamp"": 1754321290322}, {""key"": ""l"", ""timestamp"": 1754321290614}, {""key"": ""a"", ""timestamp"": 1754321290712}, {""key"": ""s"", ""timestamp"": 1754321290786}, {""key"": ""k"", ""timestamp"": 1754321291029}, {""key"": ""y"", ""timestamp"": 1754321291221}, {""key"": "" "", ""timestamp"": 1754321291394}, {""key"": ""u"", ""timestamp"": 1754321291643}, {""key"": ""p"", ""timestamp"": 1754321291844}, {""key"": ""c"", ""timestamp"": 1754321291971}, {""key"": ""o"", ""timestamp"": 1754321292100}, {""key"": ""r"", ""timestamp"": 1754321292256}, {""key"": ""e"", ""timestamp"": 1754321292325}, {""key"": ""n"", ""timestamp"": 1754321292505}, {""key"": "" "", ""timestamp"": 1754321292768}, {""key"": ""n"", ""timestamp"": 1754321292924}, {""key"": ""a"", ""timestamp"": 1754321293030}, {""key"": ""k"", ""timestamp"": 1754321293188}, {""key"": ""e"", ""timestamp"": 1754321293293}, {""key"": ""s"", ""timestamp"": 1754321293457}, {""key"": ""."", ""timestamp"": 1754321293607}]","[{""error_type"": ""omission"", ""input"": ""g"", ""target"": ""g""}, {""error_type"": ""transposition"", ""input"": ""gg"", ""target"": ""gg""}, {""error_type"": ""omission"", ""input"": ""p"", ""target"": ""p""}, {""error_type"": ""transposition"", ""input"": ""pp"", ""target"": ""pp""}, {""error_type"": ""omission"", ""input"": "" "", ""target"": "",""}]",6,8,0,1,1222.66666666667
76,6,baseline,"ubas tecon bankit, plandle os stis os, besters hannicatrace twent.",1754321294402.0,1754321306599.0,"[{""key"": ""u"", ""timestamp"": 1754321294402}, {""key"": ""b"", ""timestamp"": 1754321294642}, {""key"": ""a"", ""timestamp"": 1754321294771}, {""key"": ""s"", ""timestamp"": 1754321294989}, {""key"": "" "", ""timestamp"": 1754321295145}, {""key"": ""t"", ""timestamp"": 1754321295385}, {""key"": ""e"", ""timestamp"": 1754321295459}, {""key"": ""c"", ""timestamp"": 1754321295688}, {""key"": ""o"", ""timestamp"": 1754321295864}, {""key"": ""n"", ""timestamp"": 1754321296105}, {""key"": "" "", ""timestamp"": 1754321296329}, {""key"": ""b"", ""timestamp"": 1754321296547}, {""key"": ""a"", ""timestamp"": 1754321296644}, {""key"": ""n"", ""timestamp"": 1754321296817}, {""key"": ""k"", ""timestamp"": 1754321297207}, {""key"": ""i"", ""timestamp"": 1754321297388}, {""key"": ""t"", ""timestamp"": 1754321297514}, {""key"": "","", ""timestamp"": 1754321297957}, {""key"": "" "", ""timestamp"": 1754321298099}, {""key"": ""p"", ""timestamp"": 1754321298362}, {""key"": ""l"", ""timestamp"": 1754321298535}, {""key"": ""a"", ""timestamp"": 1754321298639}, {""key"": ""n"", ""timestamp"": 1754321298820}, {""key"": ""d"", ""timestamp"": 1754321298962}, {""key"": ""l"", ""timestamp"": 1754321299314}, {""key"": ""e"", ""timestamp"": 1754321299457}, {""key"": "" "", ""timestamp"": 1754321299749}, {""key"": ""o"", ""timestamp"": 1754321299914}, {""key"": ""s"", ""timestamp"": 1754321300042}, {""key"": "" "", ""timestamp"": 1754321300140}, {""key"": ""s"", ""timestamp"": 1754321300335}, {""key"": ""t"", ""timestamp"": 1754321300507}, {""key"": ""i"", ""timestamp"": 1754321300642}, {""key"": ""s"", ""timestamp"": 1754321300732}, {""key"": "" "", ""timestamp"": 1754321300950}, {""key"": ""o"", ""timestamp"": 1754321301182}, {""key"": ""s"", ""timestamp"": 1754321301279}, {""key"": "","", ""timestamp"": 1754321301497}, {""key"": "" "", ""timestamp"": 1754321301692}, {""key"": ""b"", ""timestamp"": 1754321302008}, {""key"": ""e"", ""timestamp"": 1754321302060}, {""key"": ""s"", ""timestamp"": 1754321302270}, {""key"": ""t"", ""timestamp"": 1754321302404}, {""key"": ""e"", ""timestamp"": 1754321302541}, {""key"": ""r"", ""timestamp"": 1754321302630}, {""key"": ""s"", ""timestamp"": 1754321302787}, {""key"": "" "", ""timestamp"": 1754321303028}, {""key"": ""h"", ""timestamp"": 1754321303343}, {""key"": ""a"", ""timestamp"": 1754321303514}, {""key"": ""n"", ""timestamp"": 1754321303605}, {""key"": ""n"", ""timestamp"": 1754321303702}, {""key"": ""i"", ""timestamp"": 1754321304084}, {""key"": ""c"", ""timestamp"": 1754321304272}, {""key"": ""a"", ""timestamp"": 1754321304394}, {""key"": ""t"", ""timestamp"": 1754321304716}, {""key"": ""r"", ""timestamp"": 1754321304902}, {""key"": ""a"", ""timestamp"": 1754321304992}, {""key"": ""c"", ""timestamp"": 1754321305157}, {""key"": ""e"", ""timestamp"": 1754321305224}, {""key"": "" "", ""timestamp"": 1754321305547}, {""key"": ""t"", ""timestamp"": 1754321305795}, {""key"": ""w"", ""timestamp"": 1754321305892}, {""key"": ""e"", ""timestamp"": 1754321306057}, {""key"": ""n"", ""timestamp"": 1754321306254}, {""key"": ""t"", ""timestamp"": 1754321306350}, {""key"": ""."", ""timestamp"": 1754321306597}]","[{""error_type"": ""omission"", ""input"": ""n"", ""target"": ""n""}, {""error_type"": ""transposition"", ""input"": ""nn"", ""target"": ""nn""}]",7,9,0,1,1219.7
77,6,baseline,"savid hannicatrace gred sprin belents gandoff.",1754321307302.0,1754321317046.0,"[{""key"": ""s"", ""timestamp"": 1754321307302}, {""key"": ""a"", ""timestamp"": 1754321307392}, {""key"": ""v"", ""timestamp"": 1754321307580}, {""key"": ""d"", ""timestamp"": 1754321307790}, {""key"": ""Backspace"", ""timestamp"": 1754321308367}, {""key"": ""i"", ""timestamp"": 1754321308629}, {""key"": ""o"", ""timestamp"": 1754321308644}, {""key"": ""d"", ""timestamp"": 1754321308720}, {""key"": ""Backspace"", ""timestamp"": 1754321309124}, {""key"": ""Backspace"", ""timestamp"": 1754321309273}, {""key"": ""d"", ""timestamp"": 1754321309394}, {""key"": "" "", ""timestamp"": 1754321309575}, {""key"": ""h"", ""timestamp"": 1754321310017}, {""key"": ""a"", ""timestamp"": 1754321310115}, {""key"": ""n"", ""timestamp"": 1754321310257}, {""key"": ""n"", ""timestamp"": 1754321310399}, {""key"": ""i"", ""timestamp"": 1754321310654}, {""key"": ""c"", ""timestamp"": 1754321310924}, {""key"": ""a"", ""timestamp"": 1754321311037}, {""key"": ""t"", ""timestamp"": 1754321311247}, {""key"": ""r"", ""timestamp"": 1754321311412}, {""key"": ""a"", ""timestamp"": 1754321311509}, {""key"": ""c"", ""timestamp"": 1754321311689}, {""key"": ""e"", ""timestamp"": 1754321311787}, {""key"": "" "", ""timestamp"": 1754321311989}, {""key"": ""g"", ""timestamp"": 1754321312177}, {""key"": ""r"", ""timestamp"": 1754321312334}, {""key"": ""e"", ""timestamp"": 1754321312418}, {""key"": ""d"", ""timestamp"": 1754321312591}, {""key"": "" "", ""timestamp"": 1754321312747}, {""key"": ""s"", ""timestamp"": 1754321312882}, {""key"": ""p"", ""timestamp"": 1754321313054}, {""key"": ""r"", ""timestamp"": 1754321313204}, {""key"": ""i"", ""timestamp"": 1754321313309}, {""key"": ""n"", ""timestamp"": 1754321313512}, {""key"": "" "", ""timestamp"": 1754321313662}, {""key"": ""b"", ""timestamp"": 1754321314128}, {""key"": ""e"", ""timestamp"": 1754321314390}, {""key"": ""l"", ""timestamp"": 1754321314540}, {""key"": ""e"", ""timestamp"": 1754321314675}, {""key"": ""n"", ""timestamp"": 1754321314817}, {""key"": ""t"", ""timestamp"": 1754321315034}, {""key"": ""s"", ""timestamp"": 1754321315126}, {""key"": "" "", ""timestamp"": 1754321315365}, {""key"": ""g"", ""timestamp"": 1754321315612}, {""key"": ""a"", ""timestamp"": 1754321315710}, {""key"": ""n"", ""timestamp"": 1754321315845}, {""key"": ""d"", ""timestamp"": 1754321315950}, {""key"": ""o"", ""timestamp"": 1754321316137}, {""key"": ""f"", ""timestamp"": 1754321316326}, {""key"": ""f"", ""timestamp"": 1754321316737}, {""key"": ""."", ""timestamp"": 1754321317045}]","[{""error_type"": ""omission"", ""input"": ""d"", ""target"": ""i""}, {""error_type"": ""addidtion"", ""input"": ""iod"", ""target"": ""id""}, {""error_type"": ""omission"", ""input"": ""n"", ""target"": ""n""}, {""error_type"": ""transposition"", ""input"": ""nn"", ""target"": ""nn""}, {""error_type"": ""omission"", ""input"": ""f"", ""target"": ""f""}, {""error_type"": ""transposition"", ""input"": ""ff"", ""target"": ""ff""}]",9,12,0,2,1624.0
78,6,baseline,"soundid togetting lenew squick, cancake gred ruggling gon kims.",1754321317773.0,1754321330726.0,"[{""key"": ""s"", ""timestamp"": 1754321317773}, {""key"": ""o"", ""timestamp"": 1754321317959}, {""key"": ""u"", ""timestamp"": 1754321318154}, {""key"": ""n"", ""timestamp"": 1754321318342}, {""key"": ""d"", ""timestamp"": 1754321318440}, {""key"": ""i"", ""timestamp"": 1754321318620}, {""key"": ""d"", ""timestamp"": 1754321318739}, {""key"": "" "", ""timestamp"": 1754321318920}, {""key"": ""t"", ""timestamp"": 1754321319311}, {""key"": ""o"", ""timestamp"": 1754321319421}, {""key"": ""g"", ""timestamp"": 1754321319534}, {""key"": ""e"", ""timestamp"": 1754321319685}, {""key"": ""t"", ""timestamp"": 1754321319828}, {""key"": ""t"", ""timestamp"": 1754321319955}, {""key"": ""i"", ""timestamp"": 1754321320053}, {""key"": ""n"", ""timestamp"": 1754321320240}, {""key"": ""g"", ""timestamp"": 1754321320321}, {""key"": "" "", ""timestamp"": 1754321320442}, {""key"": ""l"", ""timestamp"": 1754321320652}, {""key"": ""e"", ""timestamp"": 1754321320741}, {""key"": ""n"", ""timestamp"": 1754321320930}, {""key"": ""e"", ""timestamp"": 1754321321050}, {""key"": ""w"", ""timestamp"": 1754321321244}, {""key"": "" "", ""timestamp"": 1754321321455}, {""key"": ""s"", ""timestamp"": 1754321321665}, {""key"": ""q"", ""timestamp"": 1754321321867}, {""key"": ""u"", ""timestamp"": 1754321322009}, {""key"": ""i"", ""timestamp"": 1754321322212}, {""key"": ""c"", ""timestamp"": 1754321322355}, {""key"": ""k"", ""timestamp"": 1754321322497}, {""key"": "","", ""timestamp"": 1754321322811}, {""key"": "" "", ""timestamp"": 1754321322985}, {""key"": ""c"", ""timestamp"": 1754321323270}, {""key"": ""a"", ""timestamp"": 1754321323390}, {""key"": ""n"", ""timestamp"": 1754321323486}, {""key"": ""c"", ""timestamp"": 1754321323704}, {""key"": ""k"", ""timestamp"": 1754321324335}, {""key"": ""Backspace"", ""timestamp"": 1754321324800}, {""key"": ""a"", ""timestamp"": 1754321324912}, {""key"": ""k"", ""timestamp"": 1754321325069}, {""key"": ""e"", ""timestamp"": 1754321325257}, {""key"": "" "", ""timestamp"": 1754321325587}, {""key"": ""c"", ""timestamp"": 1754321326007}, {""key"": ""Backspace"", ""timestamp"": 1754321326330}, {""key"": ""g"", ""timestamp"": 1754321326412}, {""key"": ""r"", ""timestamp"": 1754321326630}, {""key"": ""e"", ""timestamp"": 1754321326666}, {""key"": ""d"", ""timestamp"": 1754321326884}, {""key"": "" "", ""timestamp"": 1754321326982}, {""key"": ""r"", ""timestamp"": 1754321327424}, {""key"": ""u"", ""timestamp"": 1754321327537}, {""key"": ""g"", ""timestamp"": 1754321327634}, {""key"": ""g"", ""timestamp"": 1754321327791}, {""key"": ""l"", ""timestamp"": 1754321327920}, {""key"": ""i"", ""timestamp"": 1754321328107}, {""key"": ""n"", ""timestamp"": 1754321328302}, {""key"": ""g"", ""timestamp"": 1754321328476}, {""key"": "" "", ""timestamp"": 1754321328617}, {""key"": ""g"", ""timestamp"": 1754321328775}, {""key"": ""o"", ""timestamp"": 1754321328880}, {""key"": ""n"", ""timestamp"": 1754321329090}, {""key"": "" "", ""timestamp"": 1754321329255}, {""key"": ""k"", ""timestamp"": 1754321329480}, {""key"": ""i"", ""timestamp"": 1754321329669}, {""key"": ""m"", ""timestamp"": 1754321330132}, {""key"": ""s"", ""timestamp"": 1754321330364}, {""key"": ""."", ""timestamp"": 1754321330725}]","[{""error_type"": ""omission"", ""input"": ""t"", ""target"": ""t""}, {""error_type"": ""transposition"", ""input"": ""tt"", ""target"": ""tt""}, {""error_type"": ""omission"", ""input"": ""k"", ""target"": ""a""}, {""error_type"": ""omission"", ""input"": ""g"", ""target"": ""g""}, {""error_type"": ""transposition"", ""input"": ""gg"", ""target"": ""gg""}]",11,15,0,2,1439.22222222222
79,6,baseline,"tast os askets classengers, jobjector tanin fi, besters gast.",1754321331408.0,1754321344930.0,"[{""key"": ""t"", ""timestamp"": 1754321331408}, {""key"": ""a"", ""timestamp"": 1754321331520}, {""key"": ""s"", ""timestamp"": 1754321331641}, {""key"": ""t"", ""timestamp"": 1754321331782}, {""key"": "" "", ""timestamp"": 1754321331972}, {""key"": ""o"", ""timestamp"": 1754321332142}, {""key"": ""s"", ""timestamp"": 1754321332247}, {""key"": "" "", ""timestamp"": 1754321332407}, {""key"": ""a"", ""timestamp"": 1754321332690}, {""key"": ""s"", ""timestamp"": 1754321332794}, {""key"": ""k"", ""timestamp"": 1754321333027}, {""key"": ""e"", ""timestamp"": 1754321333170}, {""key"": ""t"", ""timestamp"": 1754321333396}, {""key"": ""s"", ""timestamp"": 1754321333604}, {""key"": "" "", ""timestamp"": 1754321333785}, {""key"": ""s"", ""timestamp"": 1754321334339}, {""key"": ""Backspace"", ""timestamp"": 1754321334655}, {""key"": ""c"", ""timestamp"": 1754321334767}, {""key"": ""l"", ""timestamp"": 1754321334925}, {""key"": ""a"", ""timestamp"": 1754321335030}, {""key"": ""s"", ""timestamp"": 1754321335202}, {""key"": ""s"", ""timestamp"": 1754321335344}, {""key"": ""e"", ""timestamp"": 1754321335502}, {""key"": ""n"", ""timestamp"": 1754321335667}, {""key"": ""g"", ""timestamp"": 1754321335741}, {""key"": ""e"", ""timestamp"": 1754321335869}, {""key"": ""r"", ""timestamp"": 1754321335952}, {""key"": ""s"", ""timestamp"": 1754321336071}, {""key"": "" "", ""timestamp"": 1754321336298}, {""key"": ""Backspace"", ""timestamp"": 1754321336710}, {""key"": "","", ""timestamp"": 1754321336927}, {""key"": "" "", ""timestamp"": 1754321337108}, {""key"": ""j"", ""timestamp"": 1754321338091}, {""key"": ""o"", ""timestamp"": 1754321338285}, {""key"": ""b"", ""timestamp"": 1754321338562}, {""key"": ""j"", ""timestamp"": 1754321339424}, {""key"": ""e"", ""timestamp"": 1754321339567}, {""key"": ""c"", ""timestamp"": 1754321339777}, {""key"": ""t"", ""timestamp"": 1754321340107}, {""key"": ""o"", ""timestamp"": 1754321340243}, {""key"": ""r"", ""timestamp"": 1754321340399}, {""key"": "" "", ""timestamp"": 1754321340586}, {""key"": ""t"", ""timestamp"": 1754321340805}, {""key"": ""a"", ""timestamp"": 1754321340932}, {""key"": ""n"", ""timestamp"": 1754321341054}, {""key"": ""i"", ""timestamp"": 1754321341270}, {""key"": ""n"", ""timestamp"": 1754321341435}, {""key"": "" "", ""timestamp"": 1754321341645}, {""key"": ""f"", ""timestamp"": 1754321341839}, {""key"": ""i"", ""timestamp"": 1754321341937}, {""key"": "","", ""timestamp"": 1754321342216}, {""key"": "" "", ""timestamp"": 1754321342447}, {""key"": ""b"", ""timestamp"": 1754321342777}, {""key"": ""e"", ""timestamp"": 1754321342859}, {""key"": ""s"", ""timestamp"": 1754321343069}, {""key"": ""t"", ""timestamp"": 1754321343160}, {""key"": ""e"", ""timestamp"": 1754321343282}, {""key"": ""r"", ""timestamp"": 1754321343399}, {""key"": ""s"", ""timestamp"": 1754321343549}, {""key"": "" "", ""timestamp"": 1754321343947}, {""key"": ""g"", ""timestamp"": 1754321344187}, {""key"": ""a"", ""timestamp"": 1754321344285}, {""key"": ""s"", ""timestamp"": 1754321344517}, {""key"": ""t"", ""timestamp"": 1754321344644}, {""key"": ""."", ""timestamp"": 1754321344929}]","[{""error_type"": ""omission"", ""input"": ""s"", ""target"": ""s""}, {""error_type"": ""transposition"", ""input"": ""ss"", ""target"": ""ss""}, {""error_type"": ""omission"", ""input"": "" "", ""target"": "",""}]",12,17,0,2,1502.44444444444
80,6,baseline,"shood yeardering nat os twent kickspeck, thebemmer clively sprin hanchoin.",1754321345687.0,1754321359675.0,"[{""key"": ""s"", ""timestamp"": 1754321345687}, {""key"": ""h"", ""timestamp"": 1754321345808}, {""key"": ""o"", ""timestamp"": 1754321346031}, {""key"": ""o"", ""timestamp"": 1754321346175}, {""key"": ""d"", ""timestamp"": 1754321346355}, {""key"": "" "", ""timestamp"": 1754321346504}, {""key"": ""y"", ""timestamp"": 1754321346820}, {""key"": ""e"", ""timestamp"": 1754321346879}, {""key"": ""a"", ""timestamp"": 1754321347000}, {""key"": ""r"", ""timestamp"": 1754321347142}, {""key"": ""d"", ""timestamp"": 1754321347412}, {""key"": ""e"", ""timestamp"": 1754321347682}, {""key"": ""r"", ""timestamp"": 1754321347817}, {""key"": ""i"", ""timestamp"": 1754321348049}, {""key"": ""n"", ""timestamp"": 1754321348267}, {""key"": ""g"", ""timestamp"": 1754321348434}, {""key"": "" "", ""timestamp"": 1754321348620}, {""key"": ""n"", ""timestamp"": 1754321348830}, {""key"": ""a"", ""timestamp"": 1754321348927}, {""key"": ""t"", ""timestamp"": 1754321349047}, {""key"": "" "", ""timestamp"": 1754321349235}, {""key"": ""o"", ""timestamp"": 1754321349422}, {""key"": ""s"", ""timestamp"": 1754321349512}, {""key"": "" "", ""timestamp"": 1754321349640}, {""key"": ""t"", ""timestamp"": 1754321349879}, {""key"": ""w"", ""timestamp"": 1754321349977}, {""key"": ""e"", ""timestamp"": 1754321350142}, {""key"": ""n"", ""timestamp"": 1754321350337}, {""key"": ""t"", ""timestamp"": 1754321350420}, {""key"": "" "", ""timestamp"": 1754321350592}, {""key"": ""k"", ""timestamp"": 1754321350877}, {""key"": ""i"", ""timestamp"": 1754321351073}, {""key"": ""c"", ""timestamp"": 1754321351170}, {""key"": ""k"", ""timestamp"": 1754321351328}, {""key"": ""s"", ""timestamp"": 1754321351642}, {""key"": ""p"", ""timestamp"": 1754321351815}, {""key"": ""e"", ""timestamp"": 1754321351929}, {""key"": ""c"", ""timestamp"": 1754321352167}, {""key"": ""k"", ""timestamp"": 1754321352310}, {""key"": "","", ""timestamp"": 1754321352587}, {""key"": "" "", ""timestamp"": 1754321352797}, {""key"": ""t"", ""timestamp"": 1754321352962}, {""key"": ""h"", ""timestamp"": 1754321353096}, {""key"": ""e"", ""timestamp"": 1754321353158}, {""key"": ""m"", ""timestamp"": 1754321353329}, {""key"": ""b"", ""timestamp"": 1754321353652}, {""key"": ""Backspace"", ""timestamp"": 1754321354005}, {""key"": ""Backspace"", ""timestamp"": 1754321354124}, {""key"": ""b"", ""timestamp"": 1754321354492}, {""key"": ""e"", ""timestamp"": 1754321354657}, {""key"": ""m"", ""timestamp"": 1754321354831}, {""key"": ""m"", ""timestamp"": 1754321354987}, {""key"": ""e"", ""timestamp"": 1754321355107}, {""key"": ""r"", ""timestamp"": 1754321355228}, {""key"": "" "", ""timestamp"": 1754321355446}, {""key"": ""c"", ""timestamp"": 1754321355730}, {""key"": ""l"", ""timestamp"": 1754321355813}, {""key"": ""i"", ""timestamp"": 1754321356014}, {""key"": ""v"", ""timestamp"": 1754321356097}, {""key"": ""e"", ""timestamp"": 1754321356269}, {""key"": ""l"", ""timestamp"": 1754321356362}, {""key"": ""y"", ""timestamp"": 1754321356562}, {""key"": "" "", ""timestamp"": 1754321356862}, {""key"": ""s"", ""timestamp"": 1754321357021}, {""key"": ""p"", ""timestamp"": 1754321357162}, {""key"": ""r"", ""timestamp"": 1754321357312}, {""key"": ""i"", ""timestamp"": 1754321357417}, {""key"": ""n"", ""timestamp"": 1754321357619}, {""key"": "" "", ""timestamp"": 1754321357801}, {""key"": ""h"", ""timestamp"": 1754321357945}, {""key"": ""a"", ""timestamp"": 1754321358055}, {""key"": ""n"", ""timestamp"": 1754321358168}, {""key"": ""c"", ""timestamp"": 1754321358317}, {""key"": ""h"", ""timestamp"": 1754321358722}, {""key"": ""o"", ""timestamp"": 1754321358970}, {""key"": ""i"", ""timestamp"": 1754321359091}, {""key"": ""n"", ""timestamp"": 1754321359322}, {""key"": ""."", ""timestamp"": 1754321359674}]","[{""error_type"": ""omission"", ""input"": ""o"", ""target"": ""o""}, {""error_type"": ""transposition"", ""input"": ""oo"", ""target"": ""oo""}, {""error_type"": ""addidtion"", ""input"": ""emb"", ""target"": ""eb""}, {""error_type"": ""omission"", ""input"": ""m"", ""target"": ""m""}, {""error_type"": ""transposition"", ""input"": ""mm"", ""target"": ""mm""}]",14,19,0,3,1398.8
